ISO-10303-21;
HEADER;
/* Generated by software containing ST-Developer
 * from STEP Tools, Inc. (www.steptools.com) 
 */

FILE_DESCRIPTION(
/* description */ (''),
/* implementation_level */ '2;1');

FILE_NAME(
/* name */ 'Bottom.step',
/* time_stamp */ '2026-03-16T19:17:42Z',
/* author */ (''),
/* organization */ (''),
/* preprocessor_version */ 'ST-DEVELOPER v20.1',
/* originating_system */ 'Autodesk Translation Framework v14.24.0.0',
/* authorisation */ '');

FILE_SCHEMA (('AUTOMOTIVE_DESIGN { 1 0 10303 214 3 1 1 }'));
ENDSEC;

DATA;
#10=MECHANICAL_DESIGN_GEOMETRIC_PRESENTATION_REPRESENTATION('',(#13),#3781);
#11=SHAPE_REPRESENTATION_RELATIONSHIP('SRR','None',#3788,#12);
#12=ADVANCED_BREP_SHAPE_REPRESENTATION('',(#14),#3780);
#13=STYLED_ITEM('',(#3797),#14);
#14=MANIFOLD_SOLID_BREP('Body2',#2087);
#15=ELLIPSE('',#2144,8.00000011920929,0.726782141518961);
#16=ELLIPSE('',#2145,8.00000011920929,0.726782141518961);
#17=ELLIPSE('',#2146,8.00000011920929,0.726782141518961);
#18=ELLIPSE('',#2147,8.00000011920929,0.726782141518961);
#19=ELLIPSE('',#2148,8.00000011920929,0.726782141518961);
#20=ELLIPSE('',#2149,8.00000011920929,0.726782141518961);
#21=ELLIPSE('',#2150,8.00000011920929,0.726782141518961);
#22=ELLIPSE('',#2151,8.00000011920929,0.726782141518961);
#23=ELLIPSE('',#2152,8.00000011920929,0.726782141518961);
#24=ELLIPSE('',#2153,8.00000011920929,0.726782141518961);
#25=ELLIPSE('',#2154,8.00000011920929,0.726782141518961);
#26=ELLIPSE('',#2155,8.00000011920929,0.726782141518961);
#27=ELLIPSE('',#2156,8.00000011920929,0.726782141518961);
#28=ELLIPSE('',#2157,8.00000011920929,0.726782141518961);
#29=ELLIPSE('',#2158,8.00000011920929,0.726782141518961);
#30=ELLIPSE('',#2159,8.00000011920929,0.726782141518961);
#31=ELLIPSE('',#2160,8.00000011920929,0.726782141518961);
#32=ELLIPSE('',#2161,8.00000011920929,0.726782141518961);
#33=ELLIPSE('',#2162,8.00000011920929,0.726782141518961);
#34=ELLIPSE('',#2163,8.00000011920929,0.726782141518961);
#35=ELLIPSE('',#2164,8.00000011920929,0.726782141518961);
#36=ELLIPSE('',#2165,8.00000011920929,0.726782141518961);
#37=ELLIPSE('',#2166,8.00000011920929,0.726782141518961);
#38=ELLIPSE('',#2167,8.00000011920929,0.726782141518961);
#39=ELLIPSE('',#2168,8.00000011920929,0.726782141518961);
#40=ELLIPSE('',#2169,8.00000011920929,0.726782141518961);
#41=ELLIPSE('',#2170,8.00000011920929,0.726782141518961);
#42=ELLIPSE('',#2171,8.00000011920929,0.726782141518961);
#43=ELLIPSE('',#2172,8.00000011920929,0.726782141518961);
#44=ELLIPSE('',#2173,8.00000011920929,0.726782141518961);
#45=ELLIPSE('',#2174,8.00000011920929,0.726782141518961);
#46=ELLIPSE('',#2175,8.00000011920929,0.726782141518961);
#47=ELLIPSE('',#2176,8.00000011920929,0.726782141518961);
#48=ELLIPSE('',#2177,8.00000011920929,0.726782141518961);
#49=ELLIPSE('',#2178,8.00000011920929,0.726782141518961);
#50=ELLIPSE('',#2179,8.00000011920929,0.726782141518961);
#51=ELLIPSE('',#2180,8.00000011920929,0.726782141518961);
#52=ELLIPSE('',#2181,8.00000011920929,0.726782141518961);
#53=ELLIPSE('',#2182,8.00000011920929,0.726782141518961);
#54=ELLIPSE('',#2183,8.00000011920929,0.726782141518961);
#55=ELLIPSE('',#2184,8.00000011920929,0.726782141518961);
#56=ELLIPSE('',#2185,8.00000011920929,0.726782141518961);
#57=ELLIPSE('',#2186,8.00000011920929,0.726782141518961);
#58=ELLIPSE('',#2187,8.00000011920929,0.726782141518961);
#59=ELLIPSE('',#2188,8.00000011920929,0.726782141518961);
#60=ELLIPSE('',#2189,8.00000011920929,0.726782141518961);
#61=ELLIPSE('',#2190,8.00000011920929,0.726782141518961);
#62=ELLIPSE('',#2191,8.00000011920929,0.726782141518961);
#63=(
BOUNDED_SURFACE()
B_SPLINE_SURFACE(1,2,((#3048,#3049,#3050,#3051,#3052,#3053,#3054,#3055,
#3056),(#3057,#3058,#3059,#3060,#3061,#3062,#3063,#3064,#3065)),
 .UNSPECIFIED.,.F.,.T.,.F.)
B_SPLINE_SURFACE_WITH_KNOTS((2,2),(3,2,2,2,3),(0.,0.24999999627471),(-3.14159265358979,
-1.5707963267949,0.,1.5707963267949,3.14159265358979),.UNSPECIFIED.)
GEOMETRIC_REPRESENTATION_ITEM()
RATIONAL_B_SPLINE_SURFACE(((1.,0.707106781186548,1.,0.707106781186548,1.,
0.707106781186548,1.,0.707106781186548,1.),(1.,0.707106781186548,1.,0.707106781186548,
1.,0.707106781186548,1.,0.707106781186548,1.)))
REPRESENTATION_ITEM('')
SURFACE()
);
#64=(
BOUNDED_SURFACE()
B_SPLINE_SURFACE(1,2,((#3073,#3074,#3075,#3076,#3077,#3078,#3079,#3080,
#3081),(#3082,#3083,#3084,#3085,#3086,#3087,#3088,#3089,#3090)),
 .UNSPECIFIED.,.F.,.T.,.F.)
B_SPLINE_SURFACE_WITH_KNOTS((2,2),(3,2,2,2,3),(0.,0.24999999627471),(-3.14159265358979,
-1.5707963267949,0.,1.5707963267949,3.14159265358979),.UNSPECIFIED.)
GEOMETRIC_REPRESENTATION_ITEM()
RATIONAL_B_SPLINE_SURFACE(((1.,0.707106781186548,1.,0.707106781186548,1.,
0.707106781186548,1.,0.707106781186548,1.),(1.,0.707106781186548,1.,0.707106781186548,
1.,0.707106781186548,1.,0.707106781186548,1.)))
REPRESENTATION_ITEM('')
SURFACE()
);
#65=(
BOUNDED_SURFACE()
B_SPLINE_SURFACE(1,2,((#3098,#3099,#3100,#3101,#3102,#3103,#3104,#3105,
#3106),(#3107,#3108,#3109,#3110,#3111,#3112,#3113,#3114,#3115)),
 .UNSPECIFIED.,.F.,.T.,.F.)
B_SPLINE_SURFACE_WITH_KNOTS((2,2),(3,2,2,2,3),(0.,0.24999999627471),(-3.14159265358979,
-1.5707963267949,0.,1.5707963267949,3.14159265358979),.UNSPECIFIED.)
GEOMETRIC_REPRESENTATION_ITEM()
RATIONAL_B_SPLINE_SURFACE(((1.,0.707106781186548,1.,0.707106781186548,1.,
0.707106781186548,1.,0.707106781186548,1.),(1.,0.707106781186548,1.,0.707106781186548,
1.,0.707106781186548,1.,0.707106781186548,1.)))
REPRESENTATION_ITEM('')
SURFACE()
);
#66=(
BOUNDED_SURFACE()
B_SPLINE_SURFACE(1,2,((#3123,#3124,#3125,#3126,#3127,#3128,#3129,#3130,
#3131),(#3132,#3133,#3134,#3135,#3136,#3137,#3138,#3139,#3140)),
 .UNSPECIFIED.,.F.,.T.,.F.)
B_SPLINE_SURFACE_WITH_KNOTS((2,2),(3,2,2,2,3),(0.,0.24999999627471),(-3.14159265358979,
-1.5707963267949,0.,1.5707963267949,3.14159265358979),.UNSPECIFIED.)
GEOMETRIC_REPRESENTATION_ITEM()
RATIONAL_B_SPLINE_SURFACE(((1.,0.707106781186548,1.,0.707106781186548,1.,
0.707106781186548,1.,0.707106781186548,1.),(1.,0.707106781186548,1.,0.707106781186548,
1.,0.707106781186548,1.,0.707106781186548,1.)))
REPRESENTATION_ITEM('')
SURFACE()
);
#67=(
BOUNDED_SURFACE()
B_SPLINE_SURFACE(1,2,((#3148,#3149,#3150,#3151,#3152,#3153,#3154,#3155,
#3156),(#3157,#3158,#3159,#3160,#3161,#3162,#3163,#3164,#3165)),
 .UNSPECIFIED.,.F.,.T.,.F.)
B_SPLINE_SURFACE_WITH_KNOTS((2,2),(3,2,2,2,3),(0.,0.24999999627471),(-3.14159265358979,
-1.5707963267949,0.,1.5707963267949,3.14159265358979),.UNSPECIFIED.)
GEOMETRIC_REPRESENTATION_ITEM()
RATIONAL_B_SPLINE_SURFACE(((1.,0.707106781186548,1.,0.707106781186548,1.,
0.707106781186548,1.,0.707106781186548,1.),(1.,0.707106781186548,1.,0.707106781186548,
1.,0.707106781186548,1.,0.707106781186548,1.)))
REPRESENTATION_ITEM('')
SURFACE()
);
#68=(
BOUNDED_SURFACE()
B_SPLINE_SURFACE(1,2,((#3173,#3174,#3175,#3176,#3177,#3178,#3179,#3180,
#3181),(#3182,#3183,#3184,#3185,#3186,#3187,#3188,#3189,#3190)),
 .UNSPECIFIED.,.F.,.T.,.F.)
B_SPLINE_SURFACE_WITH_KNOTS((2,2),(3,2,2,2,3),(0.,0.24999999627471),(-3.14159265358979,
-1.5707963267949,0.,1.5707963267949,3.14159265358979),.UNSPECIFIED.)
GEOMETRIC_REPRESENTATION_ITEM()
RATIONAL_B_SPLINE_SURFACE(((1.,0.707106781186548,1.,0.707106781186548,1.,
0.707106781186548,1.,0.707106781186548,1.),(1.,0.707106781186548,1.,0.707106781186548,
1.,0.707106781186548,1.,0.707106781186548,1.)))
REPRESENTATION_ITEM('')
SURFACE()
);
#69=(
BOUNDED_SURFACE()
B_SPLINE_SURFACE(1,2,((#3198,#3199,#3200,#3201,#3202,#3203,#3204,#3205,
#3206),(#3207,#3208,#3209,#3210,#3211,#3212,#3213,#3214,#3215)),
 .UNSPECIFIED.,.F.,.T.,.F.)
B_SPLINE_SURFACE_WITH_KNOTS((2,2),(3,2,2,2,3),(0.,0.24999999627471),(-3.14159265358979,
-1.5707963267949,0.,1.5707963267949,3.14159265358979),.UNSPECIFIED.)
GEOMETRIC_REPRESENTATION_ITEM()
RATIONAL_B_SPLINE_SURFACE(((1.,0.707106781186548,1.,0.707106781186548,1.,
0.707106781186548,1.,0.707106781186548,1.),(1.,0.707106781186548,1.,0.707106781186548,
1.,0.707106781186548,1.,0.707106781186548,1.)))
REPRESENTATION_ITEM('')
SURFACE()
);
#70=(
BOUNDED_SURFACE()
B_SPLINE_SURFACE(1,2,((#3223,#3224,#3225,#3226,#3227,#3228,#3229,#3230,
#3231),(#3232,#3233,#3234,#3235,#3236,#3237,#3238,#3239,#3240)),
 .UNSPECIFIED.,.F.,.T.,.F.)
B_SPLINE_SURFACE_WITH_KNOTS((2,2),(3,2,2,2,3),(0.,0.24999999627471),(-3.14159265358979,
-1.5707963267949,0.,1.5707963267949,3.14159265358979),.UNSPECIFIED.)
GEOMETRIC_REPRESENTATION_ITEM()
RATIONAL_B_SPLINE_SURFACE(((1.,0.707106781186548,1.,0.707106781186548,1.,
0.707106781186548,1.,0.707106781186548,1.),(1.,0.707106781186548,1.,0.707106781186548,
1.,0.707106781186548,1.,0.707106781186548,1.)))
REPRESENTATION_ITEM('')
SURFACE()
);
#71=(
BOUNDED_SURFACE()
B_SPLINE_SURFACE(1,2,((#3248,#3249,#3250,#3251,#3252,#3253,#3254,#3255,
#3256),(#3257,#3258,#3259,#3260,#3261,#3262,#3263,#3264,#3265)),
 .UNSPECIFIED.,.F.,.T.,.F.)
B_SPLINE_SURFACE_WITH_KNOTS((2,2),(3,2,2,2,3),(0.,0.24999999627471),(-3.14159265358979,
-1.5707963267949,0.,1.5707963267949,3.14159265358979),.UNSPECIFIED.)
GEOMETRIC_REPRESENTATION_ITEM()
RATIONAL_B_SPLINE_SURFACE(((1.,0.707106781186548,1.,0.707106781186548,1.,
0.707106781186548,1.,0.707106781186548,1.),(1.,0.707106781186548,1.,0.707106781186548,
1.,0.707106781186548,1.,0.707106781186548,1.)))
REPRESENTATION_ITEM('')
SURFACE()
);
#72=(
BOUNDED_SURFACE()
B_SPLINE_SURFACE(1,2,((#3273,#3274,#3275,#3276,#3277,#3278,#3279,#3280,
#3281),(#3282,#3283,#3284,#3285,#3286,#3287,#3288,#3289,#3290)),
 .UNSPECIFIED.,.F.,.T.,.F.)
B_SPLINE_SURFACE_WITH_KNOTS((2,2),(3,2,2,2,3),(0.,0.24999999627471),(-3.14159265358979,
-1.5707963267949,0.,1.5707963267949,3.14159265358979),.UNSPECIFIED.)
GEOMETRIC_REPRESENTATION_ITEM()
RATIONAL_B_SPLINE_SURFACE(((1.,0.707106781186548,1.,0.707106781186548,1.,
0.707106781186548,1.,0.707106781186548,1.),(1.,0.707106781186548,1.,0.707106781186548,
1.,0.707106781186548,1.,0.707106781186548,1.)))
REPRESENTATION_ITEM('')
SURFACE()
);
#73=(
BOUNDED_SURFACE()
B_SPLINE_SURFACE(1,2,((#3298,#3299,#3300,#3301,#3302,#3303,#3304,#3305,
#3306),(#3307,#3308,#3309,#3310,#3311,#3312,#3313,#3314,#3315)),
 .UNSPECIFIED.,.F.,.T.,.F.)
B_SPLINE_SURFACE_WITH_KNOTS((2,2),(3,2,2,2,3),(0.,0.24999999627471),(-3.14159265358979,
-1.5707963267949,0.,1.5707963267949,3.14159265358979),.UNSPECIFIED.)
GEOMETRIC_REPRESENTATION_ITEM()
RATIONAL_B_SPLINE_SURFACE(((1.,0.707106781186548,1.,0.707106781186548,1.,
0.707106781186548,1.,0.707106781186548,1.),(1.,0.707106781186548,1.,0.707106781186548,
1.,0.707106781186548,1.,0.707106781186548,1.)))
REPRESENTATION_ITEM('')
SURFACE()
);
#74=(
BOUNDED_SURFACE()
B_SPLINE_SURFACE(1,2,((#3323,#3324,#3325,#3326,#3327,#3328,#3329,#3330,
#3331),(#3332,#3333,#3334,#3335,#3336,#3337,#3338,#3339,#3340)),
 .UNSPECIFIED.,.F.,.T.,.F.)
B_SPLINE_SURFACE_WITH_KNOTS((2,2),(3,2,2,2,3),(0.,0.24999999627471),(-3.14159265358979,
-1.5707963267949,0.,1.5707963267949,3.14159265358979),.UNSPECIFIED.)
GEOMETRIC_REPRESENTATION_ITEM()
RATIONAL_B_SPLINE_SURFACE(((1.,0.707106781186548,1.,0.707106781186548,1.,
0.707106781186548,1.,0.707106781186548,1.),(1.,0.707106781186548,1.,0.707106781186548,
1.,0.707106781186548,1.,0.707106781186548,1.)))
REPRESENTATION_ITEM('')
SURFACE()
);
#75=(
BOUNDED_SURFACE()
B_SPLINE_SURFACE(1,2,((#3348,#3349,#3350,#3351,#3352,#3353,#3354,#3355,
#3356),(#3357,#3358,#3359,#3360,#3361,#3362,#3363,#3364,#3365)),
 .UNSPECIFIED.,.F.,.T.,.F.)
B_SPLINE_SURFACE_WITH_KNOTS((2,2),(3,2,2,2,3),(0.,0.24999999627471),(-3.14159265358979,
-1.5707963267949,0.,1.5707963267949,3.14159265358979),.UNSPECIFIED.)
GEOMETRIC_REPRESENTATION_ITEM()
RATIONAL_B_SPLINE_SURFACE(((1.,0.707106781186548,1.,0.707106781186548,1.,
0.707106781186548,1.,0.707106781186548,1.),(1.,0.707106781186548,1.,0.707106781186548,
1.,0.707106781186548,1.,0.707106781186548,1.)))
REPRESENTATION_ITEM('')
SURFACE()
);
#76=(
BOUNDED_SURFACE()
B_SPLINE_SURFACE(1,2,((#3373,#3374,#3375,#3376,#3377,#3378,#3379,#3380,
#3381),(#3382,#3383,#3384,#3385,#3386,#3387,#3388,#3389,#3390)),
 .UNSPECIFIED.,.F.,.T.,.F.)
B_SPLINE_SURFACE_WITH_KNOTS((2,2),(3,2,2,2,3),(0.,0.24999999627471),(-3.14159265358979,
-1.5707963267949,0.,1.5707963267949,3.14159265358979),.UNSPECIFIED.)
GEOMETRIC_REPRESENTATION_ITEM()
RATIONAL_B_SPLINE_SURFACE(((1.,0.707106781186548,1.,0.707106781186548,1.,
0.707106781186548,1.,0.707106781186548,1.),(1.,0.707106781186548,1.,0.707106781186548,
1.,0.707106781186548,1.,0.707106781186548,1.)))
REPRESENTATION_ITEM('')
SURFACE()
);
#77=(
BOUNDED_SURFACE()
B_SPLINE_SURFACE(1,2,((#3398,#3399,#3400,#3401,#3402,#3403,#3404,#3405,
#3406),(#3407,#3408,#3409,#3410,#3411,#3412,#3413,#3414,#3415)),
 .UNSPECIFIED.,.F.,.T.,.F.)
B_SPLINE_SURFACE_WITH_KNOTS((2,2),(3,2,2,2,3),(0.,0.24999999627471),(-3.14159265358979,
-1.5707963267949,0.,1.5707963267949,3.14159265358979),.UNSPECIFIED.)
GEOMETRIC_REPRESENTATION_ITEM()
RATIONAL_B_SPLINE_SURFACE(((1.,0.707106781186548,1.,0.707106781186548,1.,
0.707106781186548,1.,0.707106781186548,1.),(1.,0.707106781186548,1.,0.707106781186548,
1.,0.707106781186548,1.,0.707106781186548,1.)))
REPRESENTATION_ITEM('')
SURFACE()
);
#78=(
BOUNDED_SURFACE()
B_SPLINE_SURFACE(1,2,((#3423,#3424,#3425,#3426,#3427,#3428,#3429,#3430,
#3431),(#3432,#3433,#3434,#3435,#3436,#3437,#3438,#3439,#3440)),
 .UNSPECIFIED.,.F.,.T.,.F.)
B_SPLINE_SURFACE_WITH_KNOTS((2,2),(3,2,2,2,3),(0.,0.24999999627471),(-3.14159265358979,
-1.5707963267949,0.,1.5707963267949,3.14159265358979),.UNSPECIFIED.)
GEOMETRIC_REPRESENTATION_ITEM()
RATIONAL_B_SPLINE_SURFACE(((1.,0.707106781186548,1.,0.707106781186548,1.,
0.707106781186548,1.,0.707106781186548,1.),(1.,0.707106781186548,1.,0.707106781186548,
1.,0.707106781186548,1.,0.707106781186548,1.)))
REPRESENTATION_ITEM('')
SURFACE()
);
#79=FACE_BOUND('',#303,.T.);
#80=FACE_BOUND('',#306,.T.);
#81=FACE_BOUND('',#309,.T.);
#82=FACE_BOUND('',#312,.T.);
#83=FACE_BOUND('',#360,.T.);
#84=FACE_BOUND('',#362,.T.);
#85=FACE_BOUND('',#365,.T.);
#86=FACE_BOUND('',#366,.T.);
#87=FACE_BOUND('',#367,.T.);
#88=FACE_BOUND('',#368,.T.);
#89=FACE_BOUND('',#373,.T.);
#90=FACE_BOUND('',#375,.T.);
#91=FACE_BOUND('',#381,.T.);
#92=FACE_BOUND('',#388,.T.);
#93=FACE_BOUND('',#396,.T.);
#94=FACE_BOUND('',#397,.T.);
#95=FACE_BOUND('',#398,.T.);
#96=FACE_BOUND('',#399,.T.);
#97=FACE_BOUND('',#400,.T.);
#98=FACE_BOUND('',#401,.T.);
#99=FACE_BOUND('',#402,.T.);
#100=FACE_BOUND('',#403,.T.);
#101=FACE_BOUND('',#409,.T.);
#102=FACE_BOUND('',#410,.T.);
#103=FACE_BOUND('',#411,.T.);
#104=FACE_BOUND('',#412,.T.);
#105=FACE_BOUND('',#413,.T.);
#106=FACE_BOUND('',#414,.T.);
#107=FACE_BOUND('',#415,.T.);
#108=FACE_BOUND('',#416,.T.);
#109=FACE_BOUND('',#434,.T.);
#110=FACE_BOUND('',#435,.T.);
#111=FACE_BOUND('',#436,.T.);
#112=FACE_BOUND('',#437,.T.);
#113=FACE_BOUND('',#438,.T.);
#114=FACE_BOUND('',#439,.T.);
#115=FACE_BOUND('',#440,.T.);
#116=FACE_BOUND('',#441,.T.);
#117=FACE_BOUND('',#442,.T.);
#118=FACE_BOUND('',#443,.T.);
#119=FACE_BOUND('',#444,.T.);
#120=FACE_BOUND('',#445,.T.);
#121=FACE_BOUND('',#446,.T.);
#122=FACE_BOUND('',#447,.T.);
#123=FACE_BOUND('',#448,.T.);
#124=FACE_BOUND('',#449,.T.);
#125=FACE_BOUND('',#452,.T.);
#126=FACE_BOUND('',#455,.T.);
#127=FACE_BOUND('',#458,.T.);
#128=FACE_BOUND('',#461,.T.);
#129=PLANE('',#2104);
#130=PLANE('',#2109);
#131=PLANE('',#2114);
#132=PLANE('',#2119);
#133=PLANE('',#2123);
#134=PLANE('',#2126);
#135=PLANE('',#2129);
#136=PLANE('',#2132);
#137=PLANE('',#2133);
#138=PLANE('',#2134);
#139=PLANE('',#2135);
#140=PLANE('',#2136);
#141=PLANE('',#2137);
#142=PLANE('',#2138);
#143=PLANE('',#2139);
#144=PLANE('',#2140);
#145=PLANE('',#2141);
#146=PLANE('',#2142);
#147=PLANE('',#2143);
#148=PLANE('',#2192);
#149=PLANE('',#2196);
#150=PLANE('',#2200);
#151=PLANE('',#2204);
#152=PLANE('',#2208);
#153=PLANE('',#2215);
#154=PLANE('',#2216);
#155=PLANE('',#2217);
#156=PLANE('',#2219);
#157=PLANE('',#2223);
#158=PLANE('',#2229);
#159=PLANE('',#2230);
#160=PLANE('',#2231);
#161=PLANE('',#2233);
#162=PLANE('',#2239);
#163=PLANE('',#2240);
#164=PLANE('',#2241);
#165=PLANE('',#2243);
#166=PLANE('',#2249);
#167=PLANE('',#2250);
#168=PLANE('',#2252);
#169=PLANE('',#2253);
#170=PLANE('',#2254);
#171=PLANE('',#2255);
#172=PLANE('',#2256);
#173=PLANE('',#2257);
#174=PLANE('',#2266);
#175=PLANE('',#2267);
#176=PLANE('',#2268);
#177=PLANE('',#2269);
#178=PLANE('',#2270);
#179=PLANE('',#2287);
#180=PLANE('',#2290);
#181=PLANE('',#2293);
#182=PLANE('',#2296);
#183=PLANE('',#2299);
#184=PLANE('',#2303);
#185=PLANE('',#2307);
#186=PLANE('',#2311);
#187=PLANE('',#2315);
#188=PLANE('',#2316);
#189=FACE_OUTER_BOUND('',#301,.T.);
#190=FACE_OUTER_BOUND('',#302,.T.);
#191=FACE_OUTER_BOUND('',#304,.T.);
#192=FACE_OUTER_BOUND('',#305,.T.);
#193=FACE_OUTER_BOUND('',#307,.T.);
#194=FACE_OUTER_BOUND('',#308,.T.);
#195=FACE_OUTER_BOUND('',#310,.T.);
#196=FACE_OUTER_BOUND('',#311,.T.);
#197=FACE_OUTER_BOUND('',#313,.T.);
#198=FACE_OUTER_BOUND('',#314,.T.);
#199=FACE_OUTER_BOUND('',#315,.T.);
#200=FACE_OUTER_BOUND('',#316,.T.);
#201=FACE_OUTER_BOUND('',#317,.T.);
#202=FACE_OUTER_BOUND('',#318,.T.);
#203=FACE_OUTER_BOUND('',#319,.T.);
#204=FACE_OUTER_BOUND('',#320,.T.);
#205=FACE_OUTER_BOUND('',#321,.T.);
#206=FACE_OUTER_BOUND('',#322,.T.);
#207=FACE_OUTER_BOUND('',#323,.T.);
#208=FACE_OUTER_BOUND('',#324,.T.);
#209=FACE_OUTER_BOUND('',#325,.T.);
#210=FACE_OUTER_BOUND('',#326,.T.);
#211=FACE_OUTER_BOUND('',#327,.T.);
#212=FACE_OUTER_BOUND('',#328,.T.);
#213=FACE_OUTER_BOUND('',#329,.T.);
#214=FACE_OUTER_BOUND('',#330,.T.);
#215=FACE_OUTER_BOUND('',#331,.T.);
#216=FACE_OUTER_BOUND('',#332,.T.);
#217=FACE_OUTER_BOUND('',#333,.T.);
#218=FACE_OUTER_BOUND('',#334,.T.);
#219=FACE_OUTER_BOUND('',#335,.T.);
#220=FACE_OUTER_BOUND('',#336,.T.);
#221=FACE_OUTER_BOUND('',#337,.T.);
#222=FACE_OUTER_BOUND('',#338,.T.);
#223=FACE_OUTER_BOUND('',#339,.T.);
#224=FACE_OUTER_BOUND('',#340,.T.);
#225=FACE_OUTER_BOUND('',#341,.T.);
#226=FACE_OUTER_BOUND('',#342,.T.);
#227=FACE_OUTER_BOUND('',#343,.T.);
#228=FACE_OUTER_BOUND('',#344,.T.);
#229=FACE_OUTER_BOUND('',#345,.T.);
#230=FACE_OUTER_BOUND('',#346,.T.);
#231=FACE_OUTER_BOUND('',#347,.T.);
#232=FACE_OUTER_BOUND('',#348,.T.);
#233=FACE_OUTER_BOUND('',#349,.T.);
#234=FACE_OUTER_BOUND('',#350,.T.);
#235=FACE_OUTER_BOUND('',#351,.T.);
#236=FACE_OUTER_BOUND('',#352,.T.);
#237=FACE_OUTER_BOUND('',#353,.T.);
#238=FACE_OUTER_BOUND('',#354,.T.);
#239=FACE_OUTER_BOUND('',#355,.T.);
#240=FACE_OUTER_BOUND('',#356,.T.);
#241=FACE_OUTER_BOUND('',#357,.T.);
#242=FACE_OUTER_BOUND('',#358,.T.);
#243=FACE_OUTER_BOUND('',#359,.T.);
#244=FACE_OUTER_BOUND('',#361,.T.);
#245=FACE_OUTER_BOUND('',#363,.T.);
#246=FACE_OUTER_BOUND('',#364,.T.);
#247=FACE_OUTER_BOUND('',#369,.T.);
#248=FACE_OUTER_BOUND('',#370,.T.);
#249=FACE_OUTER_BOUND('',#371,.T.);
#250=FACE_OUTER_BOUND('',#372,.T.);
#251=FACE_OUTER_BOUND('',#374,.T.);
#252=FACE_OUTER_BOUND('',#376,.T.);
#253=FACE_OUTER_BOUND('',#377,.T.);
#254=FACE_OUTER_BOUND('',#378,.T.);
#255=FACE_OUTER_BOUND('',#379,.T.);
#256=FACE_OUTER_BOUND('',#380,.T.);
#257=FACE_OUTER_BOUND('',#382,.T.);
#258=FACE_OUTER_BOUND('',#383,.T.);
#259=FACE_OUTER_BOUND('',#384,.T.);
#260=FACE_OUTER_BOUND('',#385,.T.);
#261=FACE_OUTER_BOUND('',#386,.T.);
#262=FACE_OUTER_BOUND('',#387,.T.);
#263=FACE_OUTER_BOUND('',#389,.T.);
#264=FACE_OUTER_BOUND('',#390,.T.);
#265=FACE_OUTER_BOUND('',#391,.T.);
#266=FACE_OUTER_BOUND('',#392,.T.);
#267=FACE_OUTER_BOUND('',#393,.T.);
#268=FACE_OUTER_BOUND('',#394,.T.);
#269=FACE_OUTER_BOUND('',#395,.T.);
#270=FACE_OUTER_BOUND('',#404,.T.);
#271=FACE_OUTER_BOUND('',#405,.T.);
#272=FACE_OUTER_BOUND('',#406,.T.);
#273=FACE_OUTER_BOUND('',#407,.T.);
#274=FACE_OUTER_BOUND('',#408,.T.);
#275=FACE_OUTER_BOUND('',#417,.T.);
#276=FACE_OUTER_BOUND('',#418,.T.);
#277=FACE_OUTER_BOUND('',#419,.T.);
#278=FACE_OUTER_BOUND('',#420,.T.);
#279=FACE_OUTER_BOUND('',#421,.T.);
#280=FACE_OUTER_BOUND('',#422,.T.);
#281=FACE_OUTER_BOUND('',#423,.T.);
#282=FACE_OUTER_BOUND('',#424,.T.);
#283=FACE_OUTER_BOUND('',#425,.T.);
#284=FACE_OUTER_BOUND('',#426,.T.);
#285=FACE_OUTER_BOUND('',#427,.T.);
#286=FACE_OUTER_BOUND('',#428,.T.);
#287=FACE_OUTER_BOUND('',#429,.T.);
#288=FACE_OUTER_BOUND('',#430,.T.);
#289=FACE_OUTER_BOUND('',#431,.T.);
#290=FACE_OUTER_BOUND('',#432,.T.);
#291=FACE_OUTER_BOUND('',#433,.T.);
#292=FACE_OUTER_BOUND('',#450,.T.);
#293=FACE_OUTER_BOUND('',#451,.T.);
#294=FACE_OUTER_BOUND('',#453,.T.);
#295=FACE_OUTER_BOUND('',#454,.T.);
#296=FACE_OUTER_BOUND('',#456,.T.);
#297=FACE_OUTER_BOUND('',#457,.T.);
#298=FACE_OUTER_BOUND('',#459,.T.);
#299=FACE_OUTER_BOUND('',#460,.T.);
#300=FACE_OUTER_BOUND('',#462,.T.);
#301=EDGE_LOOP('',(#1351,#1352,#1353,#1354));
#302=EDGE_LOOP('',(#1355));
#303=EDGE_LOOP('',(#1356));
#304=EDGE_LOOP('',(#1357,#1358,#1359,#1360));
#305=EDGE_LOOP('',(#1361));
#306=EDGE_LOOP('',(#1362));
#307=EDGE_LOOP('',(#1363,#1364,#1365,#1366));
#308=EDGE_LOOP('',(#1367));
#309=EDGE_LOOP('',(#1368));
#310=EDGE_LOOP('',(#1369,#1370,#1371,#1372));
#311=EDGE_LOOP('',(#1373));
#312=EDGE_LOOP('',(#1374));
#313=EDGE_LOOP('',(#1375,#1376,#1377,#1378));
#314=EDGE_LOOP('',(#1379));
#315=EDGE_LOOP('',(#1380,#1381,#1382,#1383));
#316=EDGE_LOOP('',(#1384));
#317=EDGE_LOOP('',(#1385,#1386,#1387,#1388));
#318=EDGE_LOOP('',(#1389));
#319=EDGE_LOOP('',(#1390,#1391,#1392,#1393));
#320=EDGE_LOOP('',(#1394));
#321=EDGE_LOOP('',(#1395,#1396,#1397,#1398));
#322=EDGE_LOOP('',(#1399,#1400,#1401,#1402));
#323=EDGE_LOOP('',(#1403,#1404,#1405,#1406));
#324=EDGE_LOOP('',(#1407,#1408,#1409,#1410));
#325=EDGE_LOOP('',(#1411,#1412,#1413,#1414));
#326=EDGE_LOOP('',(#1415,#1416,#1417,#1418));
#327=EDGE_LOOP('',(#1419,#1420,#1421,#1422));
#328=EDGE_LOOP('',(#1423,#1424,#1425,#1426,#1427));
#329=EDGE_LOOP('',(#1428,#1429,#1430,#1431));
#330=EDGE_LOOP('',(#1432,#1433,#1434,#1435,#1436));
#331=EDGE_LOOP('',(#1437,#1438,#1439,#1440));
#332=EDGE_LOOP('',(#1441,#1442,#1443,#1444,#1445));
#333=EDGE_LOOP('',(#1446,#1447,#1448,#1449,#1450));
#334=EDGE_LOOP('',(#1451,#1452,#1453,#1454,#1455));
#335=EDGE_LOOP('',(#1456,#1457,#1458,#1459,#1460));
#336=EDGE_LOOP('',(#1461,#1462,#1463,#1464,#1465));
#337=EDGE_LOOP('',(#1466,#1467,#1468,#1469,#1470));
#338=EDGE_LOOP('',(#1471,#1472,#1473,#1474,#1475));
#339=EDGE_LOOP('',(#1476,#1477,#1478,#1479,#1480));
#340=EDGE_LOOP('',(#1481,#1482,#1483,#1484,#1485));
#341=EDGE_LOOP('',(#1486,#1487,#1488,#1489,#1490));
#342=EDGE_LOOP('',(#1491,#1492,#1493,#1494,#1495));
#343=EDGE_LOOP('',(#1496,#1497,#1498,#1499,#1500));
#344=EDGE_LOOP('',(#1501,#1502,#1503,#1504,#1505));
#345=EDGE_LOOP('',(#1506,#1507,#1508,#1509,#1510));
#346=EDGE_LOOP('',(#1511,#1512,#1513,#1514,#1515));
#347=EDGE_LOOP('',(#1516,#1517,#1518,#1519,#1520));
#348=EDGE_LOOP('',(#1521,#1522,#1523,#1524,#1525,#1526,#1527,#1528,#1529,
#1530,#1531,#1532,#1533,#1534,#1535,#1536,#1537,#1538,#1539,#1540,#1541,
#1542,#1543,#1544,#1545,#1546,#1547,#1548,#1549,#1550,#1551,#1552,#1553,
#1554,#1555,#1556,#1557,#1558,#1559,#1560,#1561,#1562,#1563,#1564,#1565,
#1566,#1567,#1568,#1569,#1570,#1571,#1572));
#349=EDGE_LOOP('',(#1573,#1574,#1575,#1576));
#350=EDGE_LOOP('',(#1577));
#351=EDGE_LOOP('',(#1578,#1579,#1580,#1581));
#352=EDGE_LOOP('',(#1582));
#353=EDGE_LOOP('',(#1583,#1584,#1585,#1586));
#354=EDGE_LOOP('',(#1587));
#355=EDGE_LOOP('',(#1588,#1589,#1590,#1591));
#356=EDGE_LOOP('',(#1592));
#357=EDGE_LOOP('',(#1593,#1594,#1595,#1596));
#358=EDGE_LOOP('',(#1597,#1598,#1599,#1600));
#359=EDGE_LOOP('',(#1601,#1602));
#360=EDGE_LOOP('',(#1603));
#361=EDGE_LOOP('',(#1604,#1605,#1606,#1607));
#362=EDGE_LOOP('',(#1608,#1609,#1610,#1611,#1612,#1613));
#363=EDGE_LOOP('',(#1614,#1615,#1616,#1617));
#364=EDGE_LOOP('',(#1618,#1619,#1620,#1621,#1622,#1623,#1624,#1625,#1626,
#1627,#1628,#1629,#1630,#1631,#1632,#1633,#1634,#1635,#1636,#1637,#1638,
#1639,#1640,#1641,#1642,#1643));
#365=EDGE_LOOP('',(#1644));
#366=EDGE_LOOP('',(#1645));
#367=EDGE_LOOP('',(#1646));
#368=EDGE_LOOP('',(#1647));
#369=EDGE_LOOP('',(#1648,#1649,#1650,#1651));
#370=EDGE_LOOP('',(#1652,#1653,#1654,#1655));
#371=EDGE_LOOP('',(#1656,#1657,#1658,#1659));
#372=EDGE_LOOP('',(#1660,#1661));
#373=EDGE_LOOP('',(#1662));
#374=EDGE_LOOP('',(#1663,#1664,#1665,#1666));
#375=EDGE_LOOP('',(#1667,#1668,#1669,#1670));
#376=EDGE_LOOP('',(#1671,#1672,#1673,#1674));
#377=EDGE_LOOP('',(#1675,#1676,#1677,#1678));
#378=EDGE_LOOP('',(#1679,#1680,#1681,#1682));
#379=EDGE_LOOP('',(#1683,#1684,#1685,#1686));
#380=EDGE_LOOP('',(#1687,#1688));
#381=EDGE_LOOP('',(#1689));
#382=EDGE_LOOP('',(#1690,#1691,#1692,#1693,#1694,#1695,#1696,#1697));
#383=EDGE_LOOP('',(#1698,#1699,#1700,#1701));
#384=EDGE_LOOP('',(#1702,#1703,#1704,#1705));
#385=EDGE_LOOP('',(#1706,#1707,#1708,#1709));
#386=EDGE_LOOP('',(#1710,#1711,#1712,#1713));
#387=EDGE_LOOP('',(#1714,#1715));
#388=EDGE_LOOP('',(#1716));
#389=EDGE_LOOP('',(#1717,#1718,#1719,#1720));
#390=EDGE_LOOP('',(#1721,#1722,#1723,#1724));
#391=EDGE_LOOP('',(#1725,#1726,#1727,#1728));
#392=EDGE_LOOP('',(#1729,#1730,#1731,#1732));
#393=EDGE_LOOP('',(#1733,#1734,#1735,#1736));
#394=EDGE_LOOP('',(#1737,#1738,#1739,#1740));
#395=EDGE_LOOP('',(#1741,#1742,#1743,#1744));
#396=EDGE_LOOP('',(#1745));
#397=EDGE_LOOP('',(#1746));
#398=EDGE_LOOP('',(#1747));
#399=EDGE_LOOP('',(#1748));
#400=EDGE_LOOP('',(#1749));
#401=EDGE_LOOP('',(#1750));
#402=EDGE_LOOP('',(#1751));
#403=EDGE_LOOP('',(#1752));
#404=EDGE_LOOP('',(#1753,#1754,#1755,#1756));
#405=EDGE_LOOP('',(#1757,#1758,#1759,#1760));
#406=EDGE_LOOP('',(#1761,#1762,#1763,#1764));
#407=EDGE_LOOP('',(#1765,#1766,#1767,#1768));
#408=EDGE_LOOP('',(#1769,#1770,#1771,#1772));
#409=EDGE_LOOP('',(#1773));
#410=EDGE_LOOP('',(#1774));
#411=EDGE_LOOP('',(#1775));
#412=EDGE_LOOP('',(#1776));
#413=EDGE_LOOP('',(#1777));
#414=EDGE_LOOP('',(#1778));
#415=EDGE_LOOP('',(#1779));
#416=EDGE_LOOP('',(#1780));
#417=EDGE_LOOP('',(#1781,#1782,#1783,#1784));
#418=EDGE_LOOP('',(#1785,#1786,#1787,#1788));
#419=EDGE_LOOP('',(#1789,#1790,#1791,#1792));
#420=EDGE_LOOP('',(#1793,#1794,#1795,#1796));
#421=EDGE_LOOP('',(#1797,#1798,#1799,#1800));
#422=EDGE_LOOP('',(#1801,#1802,#1803,#1804));
#423=EDGE_LOOP('',(#1805,#1806,#1807,#1808));
#424=EDGE_LOOP('',(#1809,#1810,#1811,#1812));
#425=EDGE_LOOP('',(#1813,#1814,#1815,#1816));
#426=EDGE_LOOP('',(#1817,#1818,#1819,#1820));
#427=EDGE_LOOP('',(#1821,#1822,#1823,#1824));
#428=EDGE_LOOP('',(#1825,#1826,#1827,#1828));
#429=EDGE_LOOP('',(#1829,#1830,#1831,#1832));
#430=EDGE_LOOP('',(#1833,#1834,#1835,#1836));
#431=EDGE_LOOP('',(#1837,#1838,#1839,#1840));
#432=EDGE_LOOP('',(#1841,#1842,#1843,#1844));
#433=EDGE_LOOP('',(#1845,#1846,#1847,#1848));
#434=EDGE_LOOP('',(#1849));
#435=EDGE_LOOP('',(#1850));
#436=EDGE_LOOP('',(#1851));
#437=EDGE_LOOP('',(#1852));
#438=EDGE_LOOP('',(#1853));
#439=EDGE_LOOP('',(#1854));
#440=EDGE_LOOP('',(#1855));
#441=EDGE_LOOP('',(#1856));
#442=EDGE_LOOP('',(#1857));
#443=EDGE_LOOP('',(#1858));
#444=EDGE_LOOP('',(#1859));
#445=EDGE_LOOP('',(#1860));
#446=EDGE_LOOP('',(#1861));
#447=EDGE_LOOP('',(#1862));
#448=EDGE_LOOP('',(#1863));
#449=EDGE_LOOP('',(#1864));
#450=EDGE_LOOP('',(#1865,#1866,#1867,#1868));
#451=EDGE_LOOP('',(#1869,#1870,#1871,#1872));
#452=EDGE_LOOP('',(#1873,#1874,#1875,#1876));
#453=EDGE_LOOP('',(#1877,#1878,#1879,#1880));
#454=EDGE_LOOP('',(#1881,#1882,#1883,#1884));
#455=EDGE_LOOP('',(#1885,#1886,#1887,#1888));
#456=EDGE_LOOP('',(#1889,#1890,#1891,#1892));
#457=EDGE_LOOP('',(#1893,#1894,#1895,#1896));
#458=EDGE_LOOP('',(#1897,#1898,#1899,#1900,#1901,#1902));
#459=EDGE_LOOP('',(#1903,#1904,#1905,#1906));
#460=EDGE_LOOP('',(#1907,#1908,#1909,#1910,#1911,#1912,#1913,#1914));
#461=EDGE_LOOP('',(#1915,#1916,#1917,#1918,#1919,#1920,#1921,#1922,#1923,
#1924,#1925,#1926,#1927,#1928,#1929,#1930));
#462=EDGE_LOOP('',(#1931,#1932,#1933,#1934,#1935,#1936,#1937,#1938));
#463=LINE('',#2930,#637);
#464=LINE('',#2939,#638);
#465=LINE('',#2948,#639);
#466=LINE('',#2957,#640);
#467=LINE('',#2964,#641);
#468=LINE('',#2969,#642);
#469=LINE('',#2974,#643);
#470=LINE('',#2979,#644);
#471=LINE('',#2985,#645);
#472=LINE('',#2987,#646);
#473=LINE('',#2989,#647);
#474=LINE('',#2990,#648);
#475=LINE('',#2993,#649);
#476=LINE('',#2995,#650);
#477=LINE('',#2996,#651);
#478=LINE('',#2999,#652);
#479=LINE('',#3001,#653);
#480=LINE('',#3002,#654);
#481=LINE('',#3005,#655);
#482=LINE('',#3007,#656);
#483=LINE('',#3008,#657);
#484=LINE('',#3011,#658);
#485=LINE('',#3013,#659);
#486=LINE('',#3014,#660);
#487=LINE('',#3016,#661);
#488=LINE('',#3017,#662);
#489=LINE('',#3021,#663);
#490=LINE('',#3023,#664);
#491=LINE('',#3025,#665);
#492=LINE('',#3026,#666);
#493=LINE('',#3030,#667);
#494=LINE('',#3032,#668);
#495=LINE('',#3033,#669);
#496=LINE('',#3034,#670);
#497=LINE('',#3037,#671);
#498=LINE('',#3039,#672);
#499=LINE('',#3040,#673);
#500=LINE('',#3043,#674);
#501=LINE('',#3044,#675);
#502=LINE('',#3045,#676);
#503=LINE('',#3047,#677);
#504=LINE('',#3069,#678);
#505=LINE('',#3094,#679);
#506=LINE('',#3119,#680);
#507=LINE('',#3144,#681);
#508=LINE('',#3169,#682);
#509=LINE('',#3194,#683);
#510=LINE('',#3219,#684);
#511=LINE('',#3244,#685);
#512=LINE('',#3269,#686);
#513=LINE('',#3294,#687);
#514=LINE('',#3319,#688);
#515=LINE('',#3344,#689);
#516=LINE('',#3369,#690);
#517=LINE('',#3394,#691);
#518=LINE('',#3419,#692);
#519=LINE('',#3444,#693);
#520=LINE('',#3451,#694);
#521=LINE('',#3453,#695);
#522=LINE('',#3455,#696);
#523=LINE('',#3456,#697);
#524=LINE('',#3457,#698);
#525=LINE('',#3458,#699);
#526=LINE('',#3459,#700);
#527=LINE('',#3460,#701);
#528=LINE('',#3461,#702);
#529=LINE('',#3462,#703);
#530=LINE('',#3463,#704);
#531=LINE('',#3464,#705);
#532=LINE('',#3465,#706);
#533=LINE('',#3466,#707);
#534=LINE('',#3467,#708);
#535=LINE('',#3468,#709);
#536=LINE('',#3469,#710);
#537=LINE('',#3470,#711);
#538=LINE('',#3471,#712);
#539=LINE('',#3472,#713);
#540=LINE('',#3477,#714);
#541=LINE('',#3484,#715);
#542=LINE('',#3491,#716);
#543=LINE('',#3498,#717);
#544=LINE('',#3504,#718);
#545=LINE('',#3508,#719);
#546=LINE('',#3515,#720);
#547=LINE('',#3517,#721);
#548=LINE('',#3519,#722);
#549=LINE('',#3520,#723);
#550=LINE('',#3523,#724);
#551=LINE('',#3526,#725);
#552=LINE('',#3529,#726);
#553=LINE('',#3532,#727);
#554=LINE('',#3534,#728);
#555=LINE('',#3538,#729);
#556=LINE('',#3540,#730);
#557=LINE('',#3541,#731);
#558=LINE('',#3544,#732);
#559=LINE('',#3547,#733);
#560=LINE('',#3553,#734);
#561=LINE('',#3554,#735);
#562=LINE('',#3557,#736);
#563=LINE('',#3559,#737);
#564=LINE('',#3561,#738);
#565=LINE('',#3562,#739);
#566=LINE('',#3565,#740);
#567=LINE('',#3568,#741);
#568=LINE('',#3570,#742);
#569=LINE('',#3572,#743);
#570=LINE('',#3573,#744);
#571=LINE('',#3576,#745);
#572=LINE('',#3578,#746);
#573=LINE('',#3584,#747);
#574=LINE('',#3585,#748);
#575=LINE('',#3588,#749);
#576=LINE('',#3591,#750);
#577=LINE('',#3594,#751);
#578=LINE('',#3595,#752);
#579=LINE('',#3597,#753);
#580=LINE('',#3599,#754);
#581=LINE('',#3606,#755);
#582=LINE('',#3609,#756);
#583=LINE('',#3612,#757);
#584=LINE('',#3613,#758);
#585=LINE('',#3617,#759);
#586=LINE('',#3619,#760);
#587=LINE('',#3621,#761);
#588=LINE('',#3622,#762);
#589=LINE('',#3625,#763);
#590=LINE('',#3627,#764);
#591=LINE('',#3628,#765);
#592=LINE('',#3631,#766);
#593=LINE('',#3633,#767);
#594=LINE('',#3634,#768);
#595=LINE('',#3636,#769);
#596=LINE('',#3637,#770);
#597=LINE('',#3657,#771);
#598=LINE('',#3659,#772);
#599=LINE('',#3660,#773);
#600=LINE('',#3663,#774);
#601=LINE('',#3664,#775);
#602=LINE('',#3667,#776);
#603=LINE('',#3668,#777);
#604=LINE('',#3670,#778);
#605=LINE('',#3689,#779);
#606=LINE('',#3691,#780);
#607=LINE('',#3693,#781);
#608=LINE('',#3695,#782);
#609=LINE('',#3697,#783);
#610=LINE('',#3699,#784);
#611=LINE('',#3701,#785);
#612=LINE('',#3703,#786);
#613=LINE('',#3706,#787);
#614=LINE('',#3707,#788);
#615=LINE('',#3710,#789);
#616=LINE('',#3713,#790);
#617=LINE('',#3716,#791);
#618=LINE('',#3719,#792);
#619=LINE('',#3722,#793);
#620=LINE('',#3725,#794);
#621=LINE('',#3731,#795);
#622=LINE('',#3733,#796);
#623=LINE('',#3735,#797);
#624=LINE('',#3736,#798);
#625=LINE('',#3742,#799);
#626=LINE('',#3745,#800);
#627=LINE('',#3747,#801);
#628=LINE('',#3748,#802);
#629=LINE('',#3754,#803);
#630=LINE('',#3757,#804);
#631=LINE('',#3759,#805);
#632=LINE('',#3760,#806);
#633=LINE('',#3766,#807);
#634=LINE('',#3769,#808);
#635=LINE('',#3771,#809);
#636=LINE('',#3772,#810);
#637=VECTOR('',#2323,3.);
#638=VECTOR('',#2334,3.);
#639=VECTOR('',#2345,3.);
#640=VECTOR('',#2356,3.);
#641=VECTOR('',#2365,1.1);
#642=VECTOR('',#2372,1.1);
#643=VECTOR('',#2379,1.1);
#644=VECTOR('',#2386,1.1);
#645=VECTOR('',#2393,10.);
#646=VECTOR('',#2394,10.);
#647=VECTOR('',#2395,10.);
#648=VECTOR('',#2396,10.);
#649=VECTOR('',#2399,10.);
#650=VECTOR('',#2400,10.);
#651=VECTOR('',#2401,10.);
#652=VECTOR('',#2404,10.);
#653=VECTOR('',#2405,10.);
#654=VECTOR('',#2406,10.);
#655=VECTOR('',#2409,10.);
#656=VECTOR('',#2410,10.);
#657=VECTOR('',#2411,10.);
#658=VECTOR('',#2414,10.);
#659=VECTOR('',#2415,10.);
#660=VECTOR('',#2416,10.);
#661=VECTOR('',#2419,10.);
#662=VECTOR('',#2420,10.);
#663=VECTOR('',#2423,10.);
#664=VECTOR('',#2424,10.);
#665=VECTOR('',#2425,10.);
#666=VECTOR('',#2426,10.);
#667=VECTOR('',#2429,10.);
#668=VECTOR('',#2430,10.);
#669=VECTOR('',#2431,10.);
#670=VECTOR('',#2432,10.);
#671=VECTOR('',#2435,10.);
#672=VECTOR('',#2436,10.);
#673=VECTOR('',#2437,10.);
#674=VECTOR('',#2440,10.);
#675=VECTOR('',#2441,10.);
#676=VECTOR('',#2442,10.);
#677=VECTOR('',#2445,10.);
#678=VECTOR('',#2448,8.00000011920929);
#679=VECTOR('',#2455,8.00000011920929);
#680=VECTOR('',#2462,8.00000011920929);
#681=VECTOR('',#2469,8.00000011920929);
#682=VECTOR('',#2476,8.00000011920929);
#683=VECTOR('',#2483,8.00000011920929);
#684=VECTOR('',#2490,8.00000011920929);
#685=VECTOR('',#2497,8.00000011920929);
#686=VECTOR('',#2504,8.00000011920929);
#687=VECTOR('',#2511,8.00000011920929);
#688=VECTOR('',#2518,8.00000011920929);
#689=VECTOR('',#2525,8.00000011920929);
#690=VECTOR('',#2532,8.00000011920929);
#691=VECTOR('',#2539,8.00000011920929);
#692=VECTOR('',#2546,8.00000011920929);
#693=VECTOR('',#2553,8.00000011920929);
#694=VECTOR('',#2560,10.);
#695=VECTOR('',#2561,10.);
#696=VECTOR('',#2562,10.);
#697=VECTOR('',#2563,10.);
#698=VECTOR('',#2564,10.);
#699=VECTOR('',#2565,10.);
#700=VECTOR('',#2566,10.);
#701=VECTOR('',#2567,10.);
#702=VECTOR('',#2568,10.);
#703=VECTOR('',#2569,10.);
#704=VECTOR('',#2570,10.);
#705=VECTOR('',#2571,10.);
#706=VECTOR('',#2572,10.);
#707=VECTOR('',#2573,10.);
#708=VECTOR('',#2574,10.);
#709=VECTOR('',#2575,10.);
#710=VECTOR('',#2576,10.);
#711=VECTOR('',#2577,10.);
#712=VECTOR('',#2578,10.);
#713=VECTOR('',#2579,10.);
#714=VECTOR('',#2584,1.3);
#715=VECTOR('',#2593,1.3);
#716=VECTOR('',#2602,1.3);
#717=VECTOR('',#2611,1.3);
#718=VECTOR('',#2618,10.);
#719=VECTOR('',#2621,10.);
#720=VECTOR('',#2634,10.);
#721=VECTOR('',#2635,10.);
#722=VECTOR('',#2636,10.);
#723=VECTOR('',#2637,10.);
#724=VECTOR('',#2640,10.);
#725=VECTOR('',#2643,10.);
#726=VECTOR('',#2646,10.);
#727=VECTOR('',#2649,10.);
#728=VECTOR('',#2650,10.);
#729=VECTOR('',#2657,10.);
#730=VECTOR('',#2658,10.);
#731=VECTOR('',#2659,10.);
#732=VECTOR('',#2662,10.);
#733=VECTOR('',#2665,10.);
#734=VECTOR('',#2676,10.);
#735=VECTOR('',#2677,10.);
#736=VECTOR('',#2678,10.);
#737=VECTOR('',#2679,10.);
#738=VECTOR('',#2680,10.);
#739=VECTOR('',#2681,10.);
#740=VECTOR('',#2684,10.);
#741=VECTOR('',#2687,10.);
#742=VECTOR('',#2690,10.);
#743=VECTOR('',#2691,10.);
#744=VECTOR('',#2692,10.);
#745=VECTOR('',#2695,10.);
#746=VECTOR('',#2698,10.);
#747=VECTOR('',#2709,10.);
#748=VECTOR('',#2710,10.);
#749=VECTOR('',#2713,10.);
#750=VECTOR('',#2716,10.);
#751=VECTOR('',#2719,10.);
#752=VECTOR('',#2720,10.);
#753=VECTOR('',#2723,10.);
#754=VECTOR('',#2726,10.);
#755=VECTOR('',#2737,10.);
#756=VECTOR('',#2740,10.);
#757=VECTOR('',#2743,10.);
#758=VECTOR('',#2744,10.);
#759=VECTOR('',#2747,10.);
#760=VECTOR('',#2748,10.);
#761=VECTOR('',#2749,10.);
#762=VECTOR('',#2750,10.);
#763=VECTOR('',#2753,10.);
#764=VECTOR('',#2754,10.);
#765=VECTOR('',#2755,10.);
#766=VECTOR('',#2758,10.);
#767=VECTOR('',#2759,10.);
#768=VECTOR('',#2760,10.);
#769=VECTOR('',#2763,10.);
#770=VECTOR('',#2764,10.);
#771=VECTOR('',#2785,10.);
#772=VECTOR('',#2786,10.);
#773=VECTOR('',#2787,10.);
#774=VECTOR('',#2790,10.);
#775=VECTOR('',#2791,10.);
#776=VECTOR('',#2794,10.);
#777=VECTOR('',#2795,10.);
#778=VECTOR('',#2798,10.);
#779=VECTOR('',#2819,2.6);
#780=VECTOR('',#2822,2.6);
#781=VECTOR('',#2825,2.6);
#782=VECTOR('',#2828,2.6);
#783=VECTOR('',#2831,2.6);
#784=VECTOR('',#2834,2.6);
#785=VECTOR('',#2837,2.6);
#786=VECTOR('',#2840,2.6);
#787=VECTOR('',#2843,10.);
#788=VECTOR('',#2844,10.);
#789=VECTOR('',#2847,10.);
#790=VECTOR('',#2852,10.);
#791=VECTOR('',#2855,10.);
#792=VECTOR('',#2860,10.);
#793=VECTOR('',#2863,10.);
#794=VECTOR('',#2868,10.);
#795=VECTOR('',#2875,10.);
#796=VECTOR('',#2876,10.);
#797=VECTOR('',#2877,10.);
#798=VECTOR('',#2878,10.);
#799=VECTOR('',#2885,10.);
#800=VECTOR('',#2888,10.);
#801=VECTOR('',#2889,10.);
#802=VECTOR('',#2890,10.);
#803=VECTOR('',#2897,10.);
#804=VECTOR('',#2900,10.);
#805=VECTOR('',#2901,10.);
#806=VECTOR('',#2902,10.);
#807=VECTOR('',#2909,10.);
#808=VECTOR('',#2912,10.);
#809=VECTOR('',#2913,10.);
#810=VECTOR('',#2914,10.);
#811=CIRCLE('',#2102,3.);
#812=CIRCLE('',#2103,3.);
#813=CIRCLE('',#2105,1.1);
#814=CIRCLE('',#2107,3.);
#815=CIRCLE('',#2108,3.);
#816=CIRCLE('',#2110,1.1);
#817=CIRCLE('',#2112,3.);
#818=CIRCLE('',#2113,3.);
#819=CIRCLE('',#2115,1.1);
#820=CIRCLE('',#2117,3.);
#821=CIRCLE('',#2118,3.);
#822=CIRCLE('',#2120,1.1);
#823=CIRCLE('',#2122,1.1);
#824=CIRCLE('',#2125,1.1);
#825=CIRCLE('',#2128,1.1);
#826=CIRCLE('',#2131,1.1);
#827=CIRCLE('',#2194,1.3);
#828=CIRCLE('',#2195,1.3);
#829=CIRCLE('',#2198,1.3);
#830=CIRCLE('',#2199,1.3);
#831=CIRCLE('',#2202,1.3);
#832=CIRCLE('',#2203,1.3);
#833=CIRCLE('',#2206,1.3);
#834=CIRCLE('',#2207,1.3);
#835=CIRCLE('',#2210,3.);
#836=CIRCLE('',#2211,3.);
#837=CIRCLE('',#2213,3.);
#838=CIRCLE('',#2214,3.);
#839=CIRCLE('',#2218,0.5);
#840=CIRCLE('',#2220,3.);
#841=CIRCLE('',#2221,3.);
#842=CIRCLE('',#2222,3.);
#843=CIRCLE('',#2225,3.);
#844=CIRCLE('',#2226,3.);
#845=CIRCLE('',#2228,3.);
#846=CIRCLE('',#2232,0.499999999999995);
#847=CIRCLE('',#2235,3.);
#848=CIRCLE('',#2236,3.);
#849=CIRCLE('',#2238,3.);
#850=CIRCLE('',#2242,0.499999999999991);
#851=CIRCLE('',#2245,3.);
#852=CIRCLE('',#2246,3.);
#853=CIRCLE('',#2248,3.);
#854=CIRCLE('',#2251,0.499999999999991);
#855=CIRCLE('',#2258,2.6);
#856=CIRCLE('',#2259,2.6);
#857=CIRCLE('',#2260,2.6);
#858=CIRCLE('',#2261,2.6);
#859=CIRCLE('',#2262,2.6);
#860=CIRCLE('',#2263,2.6);
#861=CIRCLE('',#2264,2.6);
#862=CIRCLE('',#2265,2.6);
#863=CIRCLE('',#2271,2.6);
#864=CIRCLE('',#2272,2.6);
#865=CIRCLE('',#2273,2.6);
#866=CIRCLE('',#2274,2.6);
#867=CIRCLE('',#2275,2.6);
#868=CIRCLE('',#2276,2.6);
#869=CIRCLE('',#2277,2.6);
#870=CIRCLE('',#2278,2.6);
#871=CIRCLE('',#2289,0.499999999999991);
#872=CIRCLE('',#2292,0.499999999999995);
#873=CIRCLE('',#2295,0.5);
#874=CIRCLE('',#2298,0.499999999999991);
#875=CIRCLE('',#2301,2.49999999999999);
#876=CIRCLE('',#2302,2.49999999999999);
#877=CIRCLE('',#2305,2.5);
#878=CIRCLE('',#2306,2.5);
#879=CIRCLE('',#2309,2.5);
#880=CIRCLE('',#2310,2.5);
#881=CIRCLE('',#2313,2.49999999999999);
#882=CIRCLE('',#2314,2.49999999999999);
#883=VERTEX_POINT('',#2927);
#884=VERTEX_POINT('',#2929);
#885=VERTEX_POINT('',#2933);
#886=VERTEX_POINT('',#2936);
#887=VERTEX_POINT('',#2938);
#888=VERTEX_POINT('',#2942);
#889=VERTEX_POINT('',#2945);
#890=VERTEX_POINT('',#2947);
#891=VERTEX_POINT('',#2951);
#892=VERTEX_POINT('',#2954);
#893=VERTEX_POINT('',#2956);
#894=VERTEX_POINT('',#2960);
#895=VERTEX_POINT('',#2963);
#896=VERTEX_POINT('',#2968);
#897=VERTEX_POINT('',#2973);
#898=VERTEX_POINT('',#2978);
#899=VERTEX_POINT('',#2983);
#900=VERTEX_POINT('',#2984);
#901=VERTEX_POINT('',#2986);
#902=VERTEX_POINT('',#2988);
#903=VERTEX_POINT('',#2992);
#904=VERTEX_POINT('',#2994);
#905=VERTEX_POINT('',#2998);
#906=VERTEX_POINT('',#3000);
#907=VERTEX_POINT('',#3004);
#908=VERTEX_POINT('',#3006);
#909=VERTEX_POINT('',#3010);
#910=VERTEX_POINT('',#3012);
#911=VERTEX_POINT('',#3019);
#912=VERTEX_POINT('',#3020);
#913=VERTEX_POINT('',#3022);
#914=VERTEX_POINT('',#3024);
#915=VERTEX_POINT('',#3028);
#916=VERTEX_POINT('',#3029);
#917=VERTEX_POINT('',#3031);
#918=VERTEX_POINT('',#3036);
#919=VERTEX_POINT('',#3038);
#920=VERTEX_POINT('',#3042);
#921=VERTEX_POINT('',#3066);
#922=VERTEX_POINT('',#3068);
#923=VERTEX_POINT('',#3070);
#924=VERTEX_POINT('',#3091);
#925=VERTEX_POINT('',#3093);
#926=VERTEX_POINT('',#3095);
#927=VERTEX_POINT('',#3116);
#928=VERTEX_POINT('',#3118);
#929=VERTEX_POINT('',#3120);
#930=VERTEX_POINT('',#3141);
#931=VERTEX_POINT('',#3143);
#932=VERTEX_POINT('',#3145);
#933=VERTEX_POINT('',#3166);
#934=VERTEX_POINT('',#3168);
#935=VERTEX_POINT('',#3170);
#936=VERTEX_POINT('',#3191);
#937=VERTEX_POINT('',#3193);
#938=VERTEX_POINT('',#3195);
#939=VERTEX_POINT('',#3216);
#940=VERTEX_POINT('',#3218);
#941=VERTEX_POINT('',#3220);
#942=VERTEX_POINT('',#3241);
#943=VERTEX_POINT('',#3243);
#944=VERTEX_POINT('',#3245);
#945=VERTEX_POINT('',#3266);
#946=VERTEX_POINT('',#3268);
#947=VERTEX_POINT('',#3270);
#948=VERTEX_POINT('',#3291);
#949=VERTEX_POINT('',#3293);
#950=VERTEX_POINT('',#3295);
#951=VERTEX_POINT('',#3316);
#952=VERTEX_POINT('',#3318);
#953=VERTEX_POINT('',#3320);
#954=VERTEX_POINT('',#3341);
#955=VERTEX_POINT('',#3343);
#956=VERTEX_POINT('',#3345);
#957=VERTEX_POINT('',#3366);
#958=VERTEX_POINT('',#3368);
#959=VERTEX_POINT('',#3370);
#960=VERTEX_POINT('',#3391);
#961=VERTEX_POINT('',#3393);
#962=VERTEX_POINT('',#3395);
#963=VERTEX_POINT('',#3416);
#964=VERTEX_POINT('',#3418);
#965=VERTEX_POINT('',#3420);
#966=VERTEX_POINT('',#3441);
#967=VERTEX_POINT('',#3443);
#968=VERTEX_POINT('',#3445);
#969=VERTEX_POINT('',#3449);
#970=VERTEX_POINT('',#3450);
#971=VERTEX_POINT('',#3452);
#972=VERTEX_POINT('',#3454);
#973=VERTEX_POINT('',#3474);
#974=VERTEX_POINT('',#3476);
#975=VERTEX_POINT('',#3481);
#976=VERTEX_POINT('',#3483);
#977=VERTEX_POINT('',#3488);
#978=VERTEX_POINT('',#3490);
#979=VERTEX_POINT('',#3495);
#980=VERTEX_POINT('',#3497);
#981=VERTEX_POINT('',#3502);
#982=VERTEX_POINT('',#3503);
#983=VERTEX_POINT('',#3505);
#984=VERTEX_POINT('',#3507);
#985=VERTEX_POINT('',#3516);
#986=VERTEX_POINT('',#3518);
#987=VERTEX_POINT('',#3522);
#988=VERTEX_POINT('',#3524);
#989=VERTEX_POINT('',#3528);
#990=VERTEX_POINT('',#3530);
#991=VERTEX_POINT('',#3533);
#992=VERTEX_POINT('',#3539);
#993=VERTEX_POINT('',#3543);
#994=VERTEX_POINT('',#3546);
#995=VERTEX_POINT('',#3555);
#996=VERTEX_POINT('',#3556);
#997=VERTEX_POINT('',#3558);
#998=VERTEX_POINT('',#3560);
#999=VERTEX_POINT('',#3564);
#1000=VERTEX_POINT('',#3566);
#1001=VERTEX_POINT('',#3571);
#1002=VERTEX_POINT('',#3575);
#1003=VERTEX_POINT('',#3587);
#1004=VERTEX_POINT('',#3589);
#1005=VERTEX_POINT('',#3593);
#1006=VERTEX_POINT('',#3605);
#1007=VERTEX_POINT('',#3607);
#1008=VERTEX_POINT('',#3611);
#1009=VERTEX_POINT('',#3615);
#1010=VERTEX_POINT('',#3616);
#1011=VERTEX_POINT('',#3618);
#1012=VERTEX_POINT('',#3620);
#1013=VERTEX_POINT('',#3624);
#1014=VERTEX_POINT('',#3626);
#1015=VERTEX_POINT('',#3630);
#1016=VERTEX_POINT('',#3632);
#1017=VERTEX_POINT('',#3639);
#1018=VERTEX_POINT('',#3641);
#1019=VERTEX_POINT('',#3643);
#1020=VERTEX_POINT('',#3645);
#1021=VERTEX_POINT('',#3647);
#1022=VERTEX_POINT('',#3649);
#1023=VERTEX_POINT('',#3651);
#1024=VERTEX_POINT('',#3653);
#1025=VERTEX_POINT('',#3656);
#1026=VERTEX_POINT('',#3658);
#1027=VERTEX_POINT('',#3662);
#1028=VERTEX_POINT('',#3666);
#1029=VERTEX_POINT('',#3672);
#1030=VERTEX_POINT('',#3674);
#1031=VERTEX_POINT('',#3676);
#1032=VERTEX_POINT('',#3678);
#1033=VERTEX_POINT('',#3680);
#1034=VERTEX_POINT('',#3682);
#1035=VERTEX_POINT('',#3684);
#1036=VERTEX_POINT('',#3686);
#1037=VERTEX_POINT('',#3705);
#1038=VERTEX_POINT('',#3709);
#1039=VERTEX_POINT('',#3715);
#1040=VERTEX_POINT('',#3721);
#1041=VERTEX_POINT('',#3729);
#1042=VERTEX_POINT('',#3730);
#1043=VERTEX_POINT('',#3732);
#1044=VERTEX_POINT('',#3734);
#1045=VERTEX_POINT('',#3738);
#1046=VERTEX_POINT('',#3740);
#1047=VERTEX_POINT('',#3744);
#1048=VERTEX_POINT('',#3746);
#1049=VERTEX_POINT('',#3750);
#1050=VERTEX_POINT('',#3752);
#1051=VERTEX_POINT('',#3756);
#1052=VERTEX_POINT('',#3758);
#1053=VERTEX_POINT('',#3762);
#1054=VERTEX_POINT('',#3764);
#1055=VERTEX_POINT('',#3768);
#1056=VERTEX_POINT('',#3770);
#1057=EDGE_CURVE('',#883,#883,#811,.T.);
#1058=EDGE_CURVE('',#883,#884,#463,.T.);
#1059=EDGE_CURVE('',#884,#884,#812,.T.);
#1060=EDGE_CURVE('',#885,#885,#813,.T.);
#1061=EDGE_CURVE('',#886,#886,#814,.T.);
#1062=EDGE_CURVE('',#886,#887,#464,.T.);
#1063=EDGE_CURVE('',#887,#887,#815,.T.);
#1064=EDGE_CURVE('',#888,#888,#816,.T.);
#1065=EDGE_CURVE('',#889,#889,#817,.T.);
#1066=EDGE_CURVE('',#889,#890,#465,.T.);
#1067=EDGE_CURVE('',#890,#890,#818,.T.);
#1068=EDGE_CURVE('',#891,#891,#819,.T.);
#1069=EDGE_CURVE('',#892,#892,#820,.T.);
#1070=EDGE_CURVE('',#892,#893,#466,.T.);
#1071=EDGE_CURVE('',#893,#893,#821,.T.);
#1072=EDGE_CURVE('',#894,#894,#822,.T.);
#1073=EDGE_CURVE('',#888,#895,#467,.T.);
#1074=EDGE_CURVE('',#895,#895,#823,.T.);
#1075=EDGE_CURVE('',#885,#896,#468,.T.);
#1076=EDGE_CURVE('',#896,#896,#824,.T.);
#1077=EDGE_CURVE('',#894,#897,#469,.T.);
#1078=EDGE_CURVE('',#897,#897,#825,.T.);
#1079=EDGE_CURVE('',#891,#898,#470,.T.);
#1080=EDGE_CURVE('',#898,#898,#826,.T.);
#1081=EDGE_CURVE('',#899,#900,#471,.T.);
#1082=EDGE_CURVE('',#899,#901,#472,.T.);
#1083=EDGE_CURVE('',#902,#901,#473,.T.);
#1084=EDGE_CURVE('',#900,#902,#474,.T.);
#1085=EDGE_CURVE('',#903,#899,#475,.T.);
#1086=EDGE_CURVE('',#903,#904,#476,.T.);
#1087=EDGE_CURVE('',#901,#904,#477,.T.);
#1088=EDGE_CURVE('',#905,#903,#478,.T.);
#1089=EDGE_CURVE('',#905,#906,#479,.T.);
#1090=EDGE_CURVE('',#904,#906,#480,.T.);
#1091=EDGE_CURVE('',#907,#905,#481,.T.);
#1092=EDGE_CURVE('',#907,#908,#482,.T.);
#1093=EDGE_CURVE('',#906,#908,#483,.T.);
#1094=EDGE_CURVE('',#909,#907,#484,.T.);
#1095=EDGE_CURVE('',#909,#910,#485,.T.);
#1096=EDGE_CURVE('',#908,#910,#486,.T.);
#1097=EDGE_CURVE('',#900,#909,#487,.T.);
#1098=EDGE_CURVE('',#910,#902,#488,.T.);
#1099=EDGE_CURVE('',#911,#912,#489,.T.);
#1100=EDGE_CURVE('',#913,#912,#490,.T.);
#1101=EDGE_CURVE('',#914,#913,#491,.T.);
#1102=EDGE_CURVE('',#911,#914,#492,.T.);
#1103=EDGE_CURVE('',#915,#916,#493,.T.);
#1104=EDGE_CURVE('',#915,#917,#494,.T.);
#1105=EDGE_CURVE('',#911,#917,#495,.T.);
#1106=EDGE_CURVE('',#916,#914,#496,.T.);
#1107=EDGE_CURVE('',#918,#915,#497,.T.);
#1108=EDGE_CURVE('',#918,#919,#498,.T.);
#1109=EDGE_CURVE('',#917,#919,#499,.T.);
#1110=EDGE_CURVE('',#920,#918,#500,.T.);
#1111=EDGE_CURVE('',#920,#913,#501,.T.);
#1112=EDGE_CURVE('',#919,#912,#502,.T.);
#1113=EDGE_CURVE('',#916,#920,#503,.T.);
#1114=EDGE_CURVE('',#921,#921,#15,.T.);
#1115=EDGE_CURVE('',#921,#922,#504,.T.);
#1116=EDGE_CURVE('',#923,#922,#16,.T.);
#1117=EDGE_CURVE('',#922,#923,#17,.T.);
#1118=EDGE_CURVE('',#924,#924,#18,.T.);
#1119=EDGE_CURVE('',#924,#925,#505,.T.);
#1120=EDGE_CURVE('',#926,#925,#19,.T.);
#1121=EDGE_CURVE('',#925,#926,#20,.T.);
#1122=EDGE_CURVE('',#927,#927,#21,.T.);
#1123=EDGE_CURVE('',#927,#928,#506,.T.);
#1124=EDGE_CURVE('',#929,#928,#22,.T.);
#1125=EDGE_CURVE('',#928,#929,#23,.T.);
#1126=EDGE_CURVE('',#930,#930,#24,.T.);
#1127=EDGE_CURVE('',#930,#931,#507,.T.);
#1128=EDGE_CURVE('',#932,#931,#25,.T.);
#1129=EDGE_CURVE('',#931,#932,#26,.T.);
#1130=EDGE_CURVE('',#933,#933,#27,.T.);
#1131=EDGE_CURVE('',#933,#934,#508,.T.);
#1132=EDGE_CURVE('',#935,#934,#28,.T.);
#1133=EDGE_CURVE('',#934,#935,#29,.T.);
#1134=EDGE_CURVE('',#936,#936,#30,.T.);
#1135=EDGE_CURVE('',#936,#937,#509,.T.);
#1136=EDGE_CURVE('',#938,#937,#31,.T.);
#1137=EDGE_CURVE('',#937,#938,#32,.T.);
#1138=EDGE_CURVE('',#939,#939,#33,.T.);
#1139=EDGE_CURVE('',#939,#940,#510,.T.);
#1140=EDGE_CURVE('',#941,#940,#34,.T.);
#1141=EDGE_CURVE('',#940,#941,#35,.T.);
#1142=EDGE_CURVE('',#942,#942,#36,.T.);
#1143=EDGE_CURVE('',#942,#943,#511,.T.);
#1144=EDGE_CURVE('',#944,#943,#37,.T.);
#1145=EDGE_CURVE('',#943,#944,#38,.T.);
#1146=EDGE_CURVE('',#945,#945,#39,.T.);
#1147=EDGE_CURVE('',#945,#946,#512,.T.);
#1148=EDGE_CURVE('',#947,#946,#40,.T.);
#1149=EDGE_CURVE('',#946,#947,#41,.T.);
#1150=EDGE_CURVE('',#948,#948,#42,.T.);
#1151=EDGE_CURVE('',#948,#949,#513,.T.);
#1152=EDGE_CURVE('',#950,#949,#43,.T.);
#1153=EDGE_CURVE('',#949,#950,#44,.T.);
#1154=EDGE_CURVE('',#951,#951,#45,.T.);
#1155=EDGE_CURVE('',#951,#952,#514,.T.);
#1156=EDGE_CURVE('',#953,#952,#46,.T.);
#1157=EDGE_CURVE('',#952,#953,#47,.T.);
#1158=EDGE_CURVE('',#954,#954,#48,.T.);
#1159=EDGE_CURVE('',#954,#955,#515,.T.);
#1160=EDGE_CURVE('',#956,#955,#49,.T.);
#1161=EDGE_CURVE('',#955,#956,#50,.T.);
#1162=EDGE_CURVE('',#957,#957,#51,.T.);
#1163=EDGE_CURVE('',#957,#958,#516,.T.);
#1164=EDGE_CURVE('',#959,#958,#52,.T.);
#1165=EDGE_CURVE('',#958,#959,#53,.T.);
#1166=EDGE_CURVE('',#960,#960,#54,.T.);
#1167=EDGE_CURVE('',#960,#961,#517,.T.);
#1168=EDGE_CURVE('',#962,#961,#55,.T.);
#1169=EDGE_CURVE('',#961,#962,#56,.T.);
#1170=EDGE_CURVE('',#963,#963,#57,.T.);
#1171=EDGE_CURVE('',#963,#964,#518,.T.);
#1172=EDGE_CURVE('',#965,#964,#58,.T.);
#1173=EDGE_CURVE('',#964,#965,#59,.T.);
#1174=EDGE_CURVE('',#966,#966,#60,.T.);
#1175=EDGE_CURVE('',#966,#967,#519,.T.);
#1176=EDGE_CURVE('',#968,#967,#61,.T.);
#1177=EDGE_CURVE('',#967,#968,#62,.T.);
#1178=EDGE_CURVE('',#969,#970,#520,.T.);
#1179=EDGE_CURVE('',#971,#970,#521,.T.);
#1180=EDGE_CURVE('',#972,#971,#522,.T.);
#1181=EDGE_CURVE('',#972,#968,#523,.T.);
#1182=EDGE_CURVE('',#968,#944,#524,.T.);
#1183=EDGE_CURVE('',#944,#923,#525,.T.);
#1184=EDGE_CURVE('',#923,#947,#526,.T.);
#1185=EDGE_CURVE('',#947,#965,#527,.T.);
#1186=EDGE_CURVE('',#965,#941,#528,.T.);
#1187=EDGE_CURVE('',#941,#926,#529,.T.);
#1188=EDGE_CURVE('',#926,#950,#530,.T.);
#1189=EDGE_CURVE('',#950,#956,#531,.T.);
#1190=EDGE_CURVE('',#956,#932,#532,.T.);
#1191=EDGE_CURVE('',#932,#935,#533,.T.);
#1192=EDGE_CURVE('',#935,#959,#534,.T.);
#1193=EDGE_CURVE('',#959,#953,#535,.T.);
#1194=EDGE_CURVE('',#953,#929,#536,.T.);
#1195=EDGE_CURVE('',#929,#938,#537,.T.);
#1196=EDGE_CURVE('',#938,#962,#538,.T.);
#1197=EDGE_CURVE('',#962,#969,#539,.T.);
#1198=EDGE_CURVE('',#973,#973,#827,.T.);
#1199=EDGE_CURVE('',#973,#974,#540,.T.);
#1200=EDGE_CURVE('',#974,#974,#828,.T.);
#1201=EDGE_CURVE('',#975,#975,#829,.T.);
#1202=EDGE_CURVE('',#975,#976,#541,.T.);
#1203=EDGE_CURVE('',#976,#976,#830,.T.);
#1204=EDGE_CURVE('',#977,#977,#831,.T.);
#1205=EDGE_CURVE('',#977,#978,#542,.T.);
#1206=EDGE_CURVE('',#978,#978,#832,.T.);
#1207=EDGE_CURVE('',#979,#979,#833,.T.);
#1208=EDGE_CURVE('',#979,#980,#543,.T.);
#1209=EDGE_CURVE('',#980,#980,#834,.T.);
#1210=EDGE_CURVE('',#981,#982,#544,.T.);
#1211=EDGE_CURVE('',#983,#981,#835,.T.);
#1212=EDGE_CURVE('',#983,#984,#545,.T.);
#1213=EDGE_CURVE('',#982,#984,#836,.T.);
#1214=EDGE_CURVE('',#984,#982,#837,.T.);
#1215=EDGE_CURVE('',#981,#983,#838,.T.);
#1216=EDGE_CURVE('',#981,#982,#546,.T.);
#1217=EDGE_CURVE('',#981,#985,#547,.T.);
#1218=EDGE_CURVE('',#985,#986,#548,.T.);
#1219=EDGE_CURVE('',#982,#986,#549,.T.);
#1220=EDGE_CURVE('',#987,#981,#550,.T.);
#1221=EDGE_CURVE('',#987,#988,#839,.F.);
#1222=EDGE_CURVE('',#983,#988,#551,.T.);
#1223=EDGE_CURVE('',#989,#983,#552,.T.);
#1224=EDGE_CURVE('',#989,#990,#840,.T.);
#1225=EDGE_CURVE('',#912,#990,#553,.T.);
#1226=EDGE_CURVE('',#991,#911,#554,.T.);
#1227=EDGE_CURVE('',#991,#969,#841,.T.);
#1228=EDGE_CURVE('',#972,#985,#842,.T.);
#1229=EDGE_CURVE('',#983,#984,#555,.T.);
#1230=EDGE_CURVE('',#988,#992,#556,.T.);
#1231=EDGE_CURVE('',#984,#992,#557,.T.);
#1232=EDGE_CURVE('',#989,#993,#558,.T.);
#1233=EDGE_CURVE('',#990,#989,#843,.T.);
#1234=EDGE_CURVE('',#990,#994,#559,.T.);
#1235=EDGE_CURVE('',#993,#994,#844,.T.);
#1236=EDGE_CURVE('',#994,#993,#845,.T.);
#1237=EDGE_CURVE('',#993,#984,#560,.T.);
#1238=EDGE_CURVE('',#989,#993,#561,.T.);
#1239=EDGE_CURVE('',#995,#996,#562,.T.);
#1240=EDGE_CURVE('',#996,#997,#563,.T.);
#1241=EDGE_CURVE('',#997,#998,#564,.T.);
#1242=EDGE_CURVE('',#998,#995,#565,.T.);
#1243=EDGE_CURVE('',#999,#989,#566,.T.);
#1244=EDGE_CURVE('',#999,#1000,#846,.F.);
#1245=EDGE_CURVE('',#990,#1000,#567,.T.);
#1246=EDGE_CURVE('',#990,#994,#568,.T.);
#1247=EDGE_CURVE('',#1000,#1001,#569,.T.);
#1248=EDGE_CURVE('',#994,#1001,#570,.T.);
#1249=EDGE_CURVE('',#991,#1002,#571,.T.);
#1250=EDGE_CURVE('',#969,#991,#847,.T.);
#1251=EDGE_CURVE('',#969,#970,#572,.T.);
#1252=EDGE_CURVE('',#1002,#970,#848,.T.);
#1253=EDGE_CURVE('',#970,#1002,#849,.T.);
#1254=EDGE_CURVE('',#1002,#994,#573,.T.);
#1255=EDGE_CURVE('',#991,#1002,#574,.T.);
#1256=EDGE_CURVE('',#1003,#991,#575,.T.);
#1257=EDGE_CURVE('',#1003,#1004,#850,.F.);
#1258=EDGE_CURVE('',#969,#1004,#576,.T.);
#1259=EDGE_CURVE('',#1004,#1005,#577,.T.);
#1260=EDGE_CURVE('',#970,#1005,#578,.T.);
#1261=EDGE_CURVE('',#972,#971,#579,.T.);
#1262=EDGE_CURVE('',#985,#972,#851,.T.);
#1263=EDGE_CURVE('',#985,#986,#580,.T.);
#1264=EDGE_CURVE('',#971,#986,#852,.T.);
#1265=EDGE_CURVE('',#986,#971,#853,.T.);
#1266=EDGE_CURVE('',#1006,#972,#581,.T.);
#1267=EDGE_CURVE('',#1006,#1007,#854,.F.);
#1268=EDGE_CURVE('',#985,#1007,#582,.T.);
#1269=EDGE_CURVE('',#1007,#1008,#583,.T.);
#1270=EDGE_CURVE('',#986,#1008,#584,.T.);
#1271=EDGE_CURVE('',#1009,#1010,#585,.T.);
#1272=EDGE_CURVE('',#1009,#1011,#586,.T.);
#1273=EDGE_CURVE('',#1011,#1012,#587,.T.);
#1274=EDGE_CURVE('',#1010,#1012,#588,.T.);
#1275=EDGE_CURVE('',#1013,#1009,#589,.T.);
#1276=EDGE_CURVE('',#1013,#1014,#590,.T.);
#1277=EDGE_CURVE('',#1014,#1011,#591,.T.);
#1278=EDGE_CURVE('',#1015,#1013,#592,.T.);
#1279=EDGE_CURVE('',#1015,#1016,#593,.T.);
#1280=EDGE_CURVE('',#1016,#1014,#594,.T.);
#1281=EDGE_CURVE('',#1010,#1015,#595,.T.);
#1282=EDGE_CURVE('',#1012,#1016,#596,.T.);
#1283=EDGE_CURVE('',#1017,#1017,#855,.T.);
#1284=EDGE_CURVE('',#1018,#1018,#856,.T.);
#1285=EDGE_CURVE('',#1019,#1019,#857,.T.);
#1286=EDGE_CURVE('',#1020,#1020,#858,.T.);
#1287=EDGE_CURVE('',#1021,#1021,#859,.T.);
#1288=EDGE_CURVE('',#1022,#1022,#860,.T.);
#1289=EDGE_CURVE('',#1023,#1023,#861,.T.);
#1290=EDGE_CURVE('',#1024,#1024,#862,.T.);
#1291=EDGE_CURVE('',#995,#1025,#597,.T.);
#1292=EDGE_CURVE('',#1026,#1025,#598,.T.);
#1293=EDGE_CURVE('',#996,#1026,#599,.T.);
#1294=EDGE_CURVE('',#1027,#1026,#600,.T.);
#1295=EDGE_CURVE('',#997,#1027,#601,.T.);
#1296=EDGE_CURVE('',#1028,#1027,#602,.T.);
#1297=EDGE_CURVE('',#998,#1028,#603,.T.);
#1298=EDGE_CURVE('',#1025,#1028,#604,.T.);
#1299=EDGE_CURVE('',#1029,#1029,#863,.T.);
#1300=EDGE_CURVE('',#1030,#1030,#864,.T.);
#1301=EDGE_CURVE('',#1031,#1031,#865,.T.);
#1302=EDGE_CURVE('',#1032,#1032,#866,.T.);
#1303=EDGE_CURVE('',#1033,#1033,#867,.T.);
#1304=EDGE_CURVE('',#1034,#1034,#868,.T.);
#1305=EDGE_CURVE('',#1035,#1035,#869,.T.);
#1306=EDGE_CURVE('',#1036,#1036,#870,.T.);
#1307=EDGE_CURVE('',#1018,#1034,#605,.T.);
#1308=EDGE_CURVE('',#1019,#1033,#606,.T.);
#1309=EDGE_CURVE('',#1020,#1029,#607,.T.);
#1310=EDGE_CURVE('',#1023,#1031,#608,.T.);
#1311=EDGE_CURVE('',#1022,#1036,#609,.T.);
#1312=EDGE_CURVE('',#1017,#1035,#610,.T.);
#1313=EDGE_CURVE('',#1021,#1030,#611,.T.);
#1314=EDGE_CURVE('',#1024,#1032,#612,.T.);
#1315=EDGE_CURVE('',#1037,#971,#613,.T.);
#1316=EDGE_CURVE('',#1006,#1037,#614,.T.);
#1317=EDGE_CURVE('',#1003,#1038,#615,.T.);
#1318=EDGE_CURVE('',#1005,#1038,#871,.T.);
#1319=EDGE_CURVE('',#1038,#1002,#616,.T.);
#1320=EDGE_CURVE('',#999,#1039,#617,.T.);
#1321=EDGE_CURVE('',#1001,#1039,#872,.T.);
#1322=EDGE_CURVE('',#1039,#993,#618,.T.);
#1323=EDGE_CURVE('',#987,#1040,#619,.T.);
#1324=EDGE_CURVE('',#992,#1040,#873,.T.);
#1325=EDGE_CURVE('',#1040,#982,#620,.T.);
#1326=EDGE_CURVE('',#1008,#1037,#874,.T.);
#1327=EDGE_CURVE('',#1041,#1042,#621,.T.);
#1328=EDGE_CURVE('',#1041,#1043,#622,.T.);
#1329=EDGE_CURVE('',#1044,#1043,#623,.T.);
#1330=EDGE_CURVE('',#1042,#1044,#624,.T.);
#1331=EDGE_CURVE('',#1045,#1042,#875,.T.);
#1332=EDGE_CURVE('',#1046,#1044,#876,.T.);
#1333=EDGE_CURVE('',#1045,#1046,#625,.T.);
#1334=EDGE_CURVE('',#1045,#1047,#626,.T.);
#1335=EDGE_CURVE('',#1048,#1046,#627,.T.);
#1336=EDGE_CURVE('',#1047,#1048,#628,.T.);
#1337=EDGE_CURVE('',#1049,#1047,#877,.T.);
#1338=EDGE_CURVE('',#1050,#1048,#878,.T.);
#1339=EDGE_CURVE('',#1049,#1050,#629,.T.);
#1340=EDGE_CURVE('',#1049,#1051,#630,.T.);
#1341=EDGE_CURVE('',#1052,#1050,#631,.T.);
#1342=EDGE_CURVE('',#1051,#1052,#632,.T.);
#1343=EDGE_CURVE('',#1053,#1051,#879,.T.);
#1344=EDGE_CURVE('',#1054,#1052,#880,.T.);
#1345=EDGE_CURVE('',#1053,#1054,#633,.T.);
#1346=EDGE_CURVE('',#1053,#1055,#634,.T.);
#1347=EDGE_CURVE('',#1056,#1054,#635,.T.);
#1348=EDGE_CURVE('',#1055,#1056,#636,.T.);
#1349=EDGE_CURVE('',#1041,#1055,#881,.T.);
#1350=EDGE_CURVE('',#1043,#1056,#882,.T.);
#1351=ORIENTED_EDGE('',*,*,#1057,.F.);
#1352=ORIENTED_EDGE('',*,*,#1058,.T.);
#1353=ORIENTED_EDGE('',*,*,#1059,.F.);
#1354=ORIENTED_EDGE('',*,*,#1058,.F.);
#1355=ORIENTED_EDGE('',*,*,#1057,.T.);
#1356=ORIENTED_EDGE('',*,*,#1060,.T.);
#1357=ORIENTED_EDGE('',*,*,#1061,.F.);
#1358=ORIENTED_EDGE('',*,*,#1062,.T.);
#1359=ORIENTED_EDGE('',*,*,#1063,.F.);
#1360=ORIENTED_EDGE('',*,*,#1062,.F.);
#1361=ORIENTED_EDGE('',*,*,#1061,.T.);
#1362=ORIENTED_EDGE('',*,*,#1064,.T.);
#1363=ORIENTED_EDGE('',*,*,#1065,.F.);
#1364=ORIENTED_EDGE('',*,*,#1066,.T.);
#1365=ORIENTED_EDGE('',*,*,#1067,.F.);
#1366=ORIENTED_EDGE('',*,*,#1066,.F.);
#1367=ORIENTED_EDGE('',*,*,#1065,.T.);
#1368=ORIENTED_EDGE('',*,*,#1068,.T.);
#1369=ORIENTED_EDGE('',*,*,#1069,.F.);
#1370=ORIENTED_EDGE('',*,*,#1070,.T.);
#1371=ORIENTED_EDGE('',*,*,#1071,.F.);
#1372=ORIENTED_EDGE('',*,*,#1070,.F.);
#1373=ORIENTED_EDGE('',*,*,#1069,.T.);
#1374=ORIENTED_EDGE('',*,*,#1072,.T.);
#1375=ORIENTED_EDGE('',*,*,#1064,.F.);
#1376=ORIENTED_EDGE('',*,*,#1073,.T.);
#1377=ORIENTED_EDGE('',*,*,#1074,.T.);
#1378=ORIENTED_EDGE('',*,*,#1073,.F.);
#1379=ORIENTED_EDGE('',*,*,#1074,.F.);
#1380=ORIENTED_EDGE('',*,*,#1060,.F.);
#1381=ORIENTED_EDGE('',*,*,#1075,.T.);
#1382=ORIENTED_EDGE('',*,*,#1076,.T.);
#1383=ORIENTED_EDGE('',*,*,#1075,.F.);
#1384=ORIENTED_EDGE('',*,*,#1076,.F.);
#1385=ORIENTED_EDGE('',*,*,#1072,.F.);
#1386=ORIENTED_EDGE('',*,*,#1077,.T.);
#1387=ORIENTED_EDGE('',*,*,#1078,.T.);
#1388=ORIENTED_EDGE('',*,*,#1077,.F.);
#1389=ORIENTED_EDGE('',*,*,#1078,.F.);
#1390=ORIENTED_EDGE('',*,*,#1068,.F.);
#1391=ORIENTED_EDGE('',*,*,#1079,.T.);
#1392=ORIENTED_EDGE('',*,*,#1080,.T.);
#1393=ORIENTED_EDGE('',*,*,#1079,.F.);
#1394=ORIENTED_EDGE('',*,*,#1080,.F.);
#1395=ORIENTED_EDGE('',*,*,#1081,.F.);
#1396=ORIENTED_EDGE('',*,*,#1082,.T.);
#1397=ORIENTED_EDGE('',*,*,#1083,.F.);
#1398=ORIENTED_EDGE('',*,*,#1084,.F.);
#1399=ORIENTED_EDGE('',*,*,#1085,.F.);
#1400=ORIENTED_EDGE('',*,*,#1086,.T.);
#1401=ORIENTED_EDGE('',*,*,#1087,.F.);
#1402=ORIENTED_EDGE('',*,*,#1082,.F.);
#1403=ORIENTED_EDGE('',*,*,#1088,.F.);
#1404=ORIENTED_EDGE('',*,*,#1089,.T.);
#1405=ORIENTED_EDGE('',*,*,#1090,.F.);
#1406=ORIENTED_EDGE('',*,*,#1086,.F.);
#1407=ORIENTED_EDGE('',*,*,#1091,.F.);
#1408=ORIENTED_EDGE('',*,*,#1092,.T.);
#1409=ORIENTED_EDGE('',*,*,#1093,.F.);
#1410=ORIENTED_EDGE('',*,*,#1089,.F.);
#1411=ORIENTED_EDGE('',*,*,#1094,.F.);
#1412=ORIENTED_EDGE('',*,*,#1095,.T.);
#1413=ORIENTED_EDGE('',*,*,#1096,.F.);
#1414=ORIENTED_EDGE('',*,*,#1092,.F.);
#1415=ORIENTED_EDGE('',*,*,#1097,.F.);
#1416=ORIENTED_EDGE('',*,*,#1084,.T.);
#1417=ORIENTED_EDGE('',*,*,#1098,.F.);
#1418=ORIENTED_EDGE('',*,*,#1095,.F.);
#1419=ORIENTED_EDGE('',*,*,#1099,.T.);
#1420=ORIENTED_EDGE('',*,*,#1100,.F.);
#1421=ORIENTED_EDGE('',*,*,#1101,.F.);
#1422=ORIENTED_EDGE('',*,*,#1102,.F.);
#1423=ORIENTED_EDGE('',*,*,#1103,.F.);
#1424=ORIENTED_EDGE('',*,*,#1104,.T.);
#1425=ORIENTED_EDGE('',*,*,#1105,.F.);
#1426=ORIENTED_EDGE('',*,*,#1102,.T.);
#1427=ORIENTED_EDGE('',*,*,#1106,.F.);
#1428=ORIENTED_EDGE('',*,*,#1107,.F.);
#1429=ORIENTED_EDGE('',*,*,#1108,.T.);
#1430=ORIENTED_EDGE('',*,*,#1109,.F.);
#1431=ORIENTED_EDGE('',*,*,#1104,.F.);
#1432=ORIENTED_EDGE('',*,*,#1110,.F.);
#1433=ORIENTED_EDGE('',*,*,#1111,.T.);
#1434=ORIENTED_EDGE('',*,*,#1100,.T.);
#1435=ORIENTED_EDGE('',*,*,#1112,.F.);
#1436=ORIENTED_EDGE('',*,*,#1108,.F.);
#1437=ORIENTED_EDGE('',*,*,#1113,.F.);
#1438=ORIENTED_EDGE('',*,*,#1106,.T.);
#1439=ORIENTED_EDGE('',*,*,#1101,.T.);
#1440=ORIENTED_EDGE('',*,*,#1111,.F.);
#1441=ORIENTED_EDGE('',*,*,#1114,.F.);
#1442=ORIENTED_EDGE('',*,*,#1115,.T.);
#1443=ORIENTED_EDGE('',*,*,#1116,.F.);
#1444=ORIENTED_EDGE('',*,*,#1117,.F.);
#1445=ORIENTED_EDGE('',*,*,#1115,.F.);
#1446=ORIENTED_EDGE('',*,*,#1118,.F.);
#1447=ORIENTED_EDGE('',*,*,#1119,.T.);
#1448=ORIENTED_EDGE('',*,*,#1120,.F.);
#1449=ORIENTED_EDGE('',*,*,#1121,.F.);
#1450=ORIENTED_EDGE('',*,*,#1119,.F.);
#1451=ORIENTED_EDGE('',*,*,#1122,.F.);
#1452=ORIENTED_EDGE('',*,*,#1123,.T.);
#1453=ORIENTED_EDGE('',*,*,#1124,.F.);
#1454=ORIENTED_EDGE('',*,*,#1125,.F.);
#1455=ORIENTED_EDGE('',*,*,#1123,.F.);
#1456=ORIENTED_EDGE('',*,*,#1126,.F.);
#1457=ORIENTED_EDGE('',*,*,#1127,.T.);
#1458=ORIENTED_EDGE('',*,*,#1128,.F.);
#1459=ORIENTED_EDGE('',*,*,#1129,.F.);
#1460=ORIENTED_EDGE('',*,*,#1127,.F.);
#1461=ORIENTED_EDGE('',*,*,#1130,.F.);
#1462=ORIENTED_EDGE('',*,*,#1131,.T.);
#1463=ORIENTED_EDGE('',*,*,#1132,.F.);
#1464=ORIENTED_EDGE('',*,*,#1133,.F.);
#1465=ORIENTED_EDGE('',*,*,#1131,.F.);
#1466=ORIENTED_EDGE('',*,*,#1134,.F.);
#1467=ORIENTED_EDGE('',*,*,#1135,.T.);
#1468=ORIENTED_EDGE('',*,*,#1136,.F.);
#1469=ORIENTED_EDGE('',*,*,#1137,.F.);
#1470=ORIENTED_EDGE('',*,*,#1135,.F.);
#1471=ORIENTED_EDGE('',*,*,#1138,.F.);
#1472=ORIENTED_EDGE('',*,*,#1139,.T.);
#1473=ORIENTED_EDGE('',*,*,#1140,.F.);
#1474=ORIENTED_EDGE('',*,*,#1141,.F.);
#1475=ORIENTED_EDGE('',*,*,#1139,.F.);
#1476=ORIENTED_EDGE('',*,*,#1142,.F.);
#1477=ORIENTED_EDGE('',*,*,#1143,.T.);
#1478=ORIENTED_EDGE('',*,*,#1144,.F.);
#1479=ORIENTED_EDGE('',*,*,#1145,.F.);
#1480=ORIENTED_EDGE('',*,*,#1143,.F.);
#1481=ORIENTED_EDGE('',*,*,#1146,.F.);
#1482=ORIENTED_EDGE('',*,*,#1147,.T.);
#1483=ORIENTED_EDGE('',*,*,#1148,.F.);
#1484=ORIENTED_EDGE('',*,*,#1149,.F.);
#1485=ORIENTED_EDGE('',*,*,#1147,.F.);
#1486=ORIENTED_EDGE('',*,*,#1150,.F.);
#1487=ORIENTED_EDGE('',*,*,#1151,.T.);
#1488=ORIENTED_EDGE('',*,*,#1152,.F.);
#1489=ORIENTED_EDGE('',*,*,#1153,.F.);
#1490=ORIENTED_EDGE('',*,*,#1151,.F.);
#1491=ORIENTED_EDGE('',*,*,#1154,.F.);
#1492=ORIENTED_EDGE('',*,*,#1155,.T.);
#1493=ORIENTED_EDGE('',*,*,#1156,.F.);
#1494=ORIENTED_EDGE('',*,*,#1157,.F.);
#1495=ORIENTED_EDGE('',*,*,#1155,.F.);
#1496=ORIENTED_EDGE('',*,*,#1158,.F.);
#1497=ORIENTED_EDGE('',*,*,#1159,.T.);
#1498=ORIENTED_EDGE('',*,*,#1160,.F.);
#1499=ORIENTED_EDGE('',*,*,#1161,.F.);
#1500=ORIENTED_EDGE('',*,*,#1159,.F.);
#1501=ORIENTED_EDGE('',*,*,#1162,.F.);
#1502=ORIENTED_EDGE('',*,*,#1163,.T.);
#1503=ORIENTED_EDGE('',*,*,#1164,.F.);
#1504=ORIENTED_EDGE('',*,*,#1165,.F.);
#1505=ORIENTED_EDGE('',*,*,#1163,.F.);
#1506=ORIENTED_EDGE('',*,*,#1166,.F.);
#1507=ORIENTED_EDGE('',*,*,#1167,.T.);
#1508=ORIENTED_EDGE('',*,*,#1168,.F.);
#1509=ORIENTED_EDGE('',*,*,#1169,.F.);
#1510=ORIENTED_EDGE('',*,*,#1167,.F.);
#1511=ORIENTED_EDGE('',*,*,#1170,.F.);
#1512=ORIENTED_EDGE('',*,*,#1171,.T.);
#1513=ORIENTED_EDGE('',*,*,#1172,.F.);
#1514=ORIENTED_EDGE('',*,*,#1173,.F.);
#1515=ORIENTED_EDGE('',*,*,#1171,.F.);
#1516=ORIENTED_EDGE('',*,*,#1174,.F.);
#1517=ORIENTED_EDGE('',*,*,#1175,.T.);
#1518=ORIENTED_EDGE('',*,*,#1176,.F.);
#1519=ORIENTED_EDGE('',*,*,#1177,.F.);
#1520=ORIENTED_EDGE('',*,*,#1175,.F.);
#1521=ORIENTED_EDGE('',*,*,#1178,.T.);
#1522=ORIENTED_EDGE('',*,*,#1179,.F.);
#1523=ORIENTED_EDGE('',*,*,#1180,.F.);
#1524=ORIENTED_EDGE('',*,*,#1181,.T.);
#1525=ORIENTED_EDGE('',*,*,#1176,.T.);
#1526=ORIENTED_EDGE('',*,*,#1177,.T.);
#1527=ORIENTED_EDGE('',*,*,#1182,.T.);
#1528=ORIENTED_EDGE('',*,*,#1144,.T.);
#1529=ORIENTED_EDGE('',*,*,#1145,.T.);
#1530=ORIENTED_EDGE('',*,*,#1183,.T.);
#1531=ORIENTED_EDGE('',*,*,#1116,.T.);
#1532=ORIENTED_EDGE('',*,*,#1117,.T.);
#1533=ORIENTED_EDGE('',*,*,#1184,.T.);
#1534=ORIENTED_EDGE('',*,*,#1148,.T.);
#1535=ORIENTED_EDGE('',*,*,#1149,.T.);
#1536=ORIENTED_EDGE('',*,*,#1185,.T.);
#1537=ORIENTED_EDGE('',*,*,#1172,.T.);
#1538=ORIENTED_EDGE('',*,*,#1173,.T.);
#1539=ORIENTED_EDGE('',*,*,#1186,.T.);
#1540=ORIENTED_EDGE('',*,*,#1140,.T.);
#1541=ORIENTED_EDGE('',*,*,#1141,.T.);
#1542=ORIENTED_EDGE('',*,*,#1187,.T.);
#1543=ORIENTED_EDGE('',*,*,#1120,.T.);
#1544=ORIENTED_EDGE('',*,*,#1121,.T.);
#1545=ORIENTED_EDGE('',*,*,#1188,.T.);
#1546=ORIENTED_EDGE('',*,*,#1152,.T.);
#1547=ORIENTED_EDGE('',*,*,#1153,.T.);
#1548=ORIENTED_EDGE('',*,*,#1189,.T.);
#1549=ORIENTED_EDGE('',*,*,#1160,.T.);
#1550=ORIENTED_EDGE('',*,*,#1161,.T.);
#1551=ORIENTED_EDGE('',*,*,#1190,.T.);
#1552=ORIENTED_EDGE('',*,*,#1128,.T.);
#1553=ORIENTED_EDGE('',*,*,#1129,.T.);
#1554=ORIENTED_EDGE('',*,*,#1191,.T.);
#1555=ORIENTED_EDGE('',*,*,#1132,.T.);
#1556=ORIENTED_EDGE('',*,*,#1133,.T.);
#1557=ORIENTED_EDGE('',*,*,#1192,.T.);
#1558=ORIENTED_EDGE('',*,*,#1164,.T.);
#1559=ORIENTED_EDGE('',*,*,#1165,.T.);
#1560=ORIENTED_EDGE('',*,*,#1193,.T.);
#1561=ORIENTED_EDGE('',*,*,#1156,.T.);
#1562=ORIENTED_EDGE('',*,*,#1157,.T.);
#1563=ORIENTED_EDGE('',*,*,#1194,.T.);
#1564=ORIENTED_EDGE('',*,*,#1124,.T.);
#1565=ORIENTED_EDGE('',*,*,#1125,.T.);
#1566=ORIENTED_EDGE('',*,*,#1195,.T.);
#1567=ORIENTED_EDGE('',*,*,#1136,.T.);
#1568=ORIENTED_EDGE('',*,*,#1137,.T.);
#1569=ORIENTED_EDGE('',*,*,#1196,.T.);
#1570=ORIENTED_EDGE('',*,*,#1168,.T.);
#1571=ORIENTED_EDGE('',*,*,#1169,.T.);
#1572=ORIENTED_EDGE('',*,*,#1197,.T.);
#1573=ORIENTED_EDGE('',*,*,#1198,.F.);
#1574=ORIENTED_EDGE('',*,*,#1199,.T.);
#1575=ORIENTED_EDGE('',*,*,#1200,.T.);
#1576=ORIENTED_EDGE('',*,*,#1199,.F.);
#1577=ORIENTED_EDGE('',*,*,#1200,.F.);
#1578=ORIENTED_EDGE('',*,*,#1201,.F.);
#1579=ORIENTED_EDGE('',*,*,#1202,.T.);
#1580=ORIENTED_EDGE('',*,*,#1203,.T.);
#1581=ORIENTED_EDGE('',*,*,#1202,.F.);
#1582=ORIENTED_EDGE('',*,*,#1203,.F.);
#1583=ORIENTED_EDGE('',*,*,#1204,.F.);
#1584=ORIENTED_EDGE('',*,*,#1205,.T.);
#1585=ORIENTED_EDGE('',*,*,#1206,.T.);
#1586=ORIENTED_EDGE('',*,*,#1205,.F.);
#1587=ORIENTED_EDGE('',*,*,#1206,.F.);
#1588=ORIENTED_EDGE('',*,*,#1207,.F.);
#1589=ORIENTED_EDGE('',*,*,#1208,.T.);
#1590=ORIENTED_EDGE('',*,*,#1209,.T.);
#1591=ORIENTED_EDGE('',*,*,#1208,.F.);
#1592=ORIENTED_EDGE('',*,*,#1209,.F.);
#1593=ORIENTED_EDGE('',*,*,#1210,.F.);
#1594=ORIENTED_EDGE('',*,*,#1211,.F.);
#1595=ORIENTED_EDGE('',*,*,#1212,.T.);
#1596=ORIENTED_EDGE('',*,*,#1213,.F.);
#1597=ORIENTED_EDGE('',*,*,#1210,.T.);
#1598=ORIENTED_EDGE('',*,*,#1214,.F.);
#1599=ORIENTED_EDGE('',*,*,#1212,.F.);
#1600=ORIENTED_EDGE('',*,*,#1215,.F.);
#1601=ORIENTED_EDGE('',*,*,#1214,.T.);
#1602=ORIENTED_EDGE('',*,*,#1213,.T.);
#1603=ORIENTED_EDGE('',*,*,#1198,.T.);
#1604=ORIENTED_EDGE('',*,*,#1216,.F.);
#1605=ORIENTED_EDGE('',*,*,#1217,.T.);
#1606=ORIENTED_EDGE('',*,*,#1218,.T.);
#1607=ORIENTED_EDGE('',*,*,#1219,.F.);
#1608=ORIENTED_EDGE('',*,*,#1083,.T.);
#1609=ORIENTED_EDGE('',*,*,#1087,.T.);
#1610=ORIENTED_EDGE('',*,*,#1090,.T.);
#1611=ORIENTED_EDGE('',*,*,#1093,.T.);
#1612=ORIENTED_EDGE('',*,*,#1096,.T.);
#1613=ORIENTED_EDGE('',*,*,#1098,.T.);
#1614=ORIENTED_EDGE('',*,*,#1211,.T.);
#1615=ORIENTED_EDGE('',*,*,#1220,.F.);
#1616=ORIENTED_EDGE('',*,*,#1221,.T.);
#1617=ORIENTED_EDGE('',*,*,#1222,.F.);
#1618=ORIENTED_EDGE('',*,*,#1215,.T.);
#1619=ORIENTED_EDGE('',*,*,#1223,.F.);
#1620=ORIENTED_EDGE('',*,*,#1224,.T.);
#1621=ORIENTED_EDGE('',*,*,#1225,.F.);
#1622=ORIENTED_EDGE('',*,*,#1099,.F.);
#1623=ORIENTED_EDGE('',*,*,#1226,.F.);
#1624=ORIENTED_EDGE('',*,*,#1227,.T.);
#1625=ORIENTED_EDGE('',*,*,#1197,.F.);
#1626=ORIENTED_EDGE('',*,*,#1196,.F.);
#1627=ORIENTED_EDGE('',*,*,#1195,.F.);
#1628=ORIENTED_EDGE('',*,*,#1194,.F.);
#1629=ORIENTED_EDGE('',*,*,#1193,.F.);
#1630=ORIENTED_EDGE('',*,*,#1192,.F.);
#1631=ORIENTED_EDGE('',*,*,#1191,.F.);
#1632=ORIENTED_EDGE('',*,*,#1190,.F.);
#1633=ORIENTED_EDGE('',*,*,#1189,.F.);
#1634=ORIENTED_EDGE('',*,*,#1188,.F.);
#1635=ORIENTED_EDGE('',*,*,#1187,.F.);
#1636=ORIENTED_EDGE('',*,*,#1186,.F.);
#1637=ORIENTED_EDGE('',*,*,#1185,.F.);
#1638=ORIENTED_EDGE('',*,*,#1184,.F.);
#1639=ORIENTED_EDGE('',*,*,#1183,.F.);
#1640=ORIENTED_EDGE('',*,*,#1182,.F.);
#1641=ORIENTED_EDGE('',*,*,#1181,.F.);
#1642=ORIENTED_EDGE('',*,*,#1228,.T.);
#1643=ORIENTED_EDGE('',*,*,#1217,.F.);
#1644=ORIENTED_EDGE('',*,*,#1059,.T.);
#1645=ORIENTED_EDGE('',*,*,#1063,.T.);
#1646=ORIENTED_EDGE('',*,*,#1067,.T.);
#1647=ORIENTED_EDGE('',*,*,#1071,.T.);
#1648=ORIENTED_EDGE('',*,*,#1229,.F.);
#1649=ORIENTED_EDGE('',*,*,#1222,.T.);
#1650=ORIENTED_EDGE('',*,*,#1230,.T.);
#1651=ORIENTED_EDGE('',*,*,#1231,.F.);
#1652=ORIENTED_EDGE('',*,*,#1232,.F.);
#1653=ORIENTED_EDGE('',*,*,#1233,.F.);
#1654=ORIENTED_EDGE('',*,*,#1234,.T.);
#1655=ORIENTED_EDGE('',*,*,#1235,.F.);
#1656=ORIENTED_EDGE('',*,*,#1232,.T.);
#1657=ORIENTED_EDGE('',*,*,#1236,.F.);
#1658=ORIENTED_EDGE('',*,*,#1234,.F.);
#1659=ORIENTED_EDGE('',*,*,#1224,.F.);
#1660=ORIENTED_EDGE('',*,*,#1236,.T.);
#1661=ORIENTED_EDGE('',*,*,#1235,.T.);
#1662=ORIENTED_EDGE('',*,*,#1201,.T.);
#1663=ORIENTED_EDGE('',*,*,#1229,.T.);
#1664=ORIENTED_EDGE('',*,*,#1237,.F.);
#1665=ORIENTED_EDGE('',*,*,#1238,.F.);
#1666=ORIENTED_EDGE('',*,*,#1223,.T.);
#1667=ORIENTED_EDGE('',*,*,#1239,.T.);
#1668=ORIENTED_EDGE('',*,*,#1240,.T.);
#1669=ORIENTED_EDGE('',*,*,#1241,.T.);
#1670=ORIENTED_EDGE('',*,*,#1242,.T.);
#1671=ORIENTED_EDGE('',*,*,#1233,.T.);
#1672=ORIENTED_EDGE('',*,*,#1243,.F.);
#1673=ORIENTED_EDGE('',*,*,#1244,.T.);
#1674=ORIENTED_EDGE('',*,*,#1245,.F.);
#1675=ORIENTED_EDGE('',*,*,#1246,.F.);
#1676=ORIENTED_EDGE('',*,*,#1245,.T.);
#1677=ORIENTED_EDGE('',*,*,#1247,.T.);
#1678=ORIENTED_EDGE('',*,*,#1248,.F.);
#1679=ORIENTED_EDGE('',*,*,#1249,.F.);
#1680=ORIENTED_EDGE('',*,*,#1250,.F.);
#1681=ORIENTED_EDGE('',*,*,#1251,.T.);
#1682=ORIENTED_EDGE('',*,*,#1252,.F.);
#1683=ORIENTED_EDGE('',*,*,#1249,.T.);
#1684=ORIENTED_EDGE('',*,*,#1253,.F.);
#1685=ORIENTED_EDGE('',*,*,#1251,.F.);
#1686=ORIENTED_EDGE('',*,*,#1227,.F.);
#1687=ORIENTED_EDGE('',*,*,#1252,.T.);
#1688=ORIENTED_EDGE('',*,*,#1253,.T.);
#1689=ORIENTED_EDGE('',*,*,#1207,.T.);
#1690=ORIENTED_EDGE('',*,*,#1112,.T.);
#1691=ORIENTED_EDGE('',*,*,#1225,.T.);
#1692=ORIENTED_EDGE('',*,*,#1246,.T.);
#1693=ORIENTED_EDGE('',*,*,#1254,.F.);
#1694=ORIENTED_EDGE('',*,*,#1255,.F.);
#1695=ORIENTED_EDGE('',*,*,#1226,.T.);
#1696=ORIENTED_EDGE('',*,*,#1105,.T.);
#1697=ORIENTED_EDGE('',*,*,#1109,.T.);
#1698=ORIENTED_EDGE('',*,*,#1250,.T.);
#1699=ORIENTED_EDGE('',*,*,#1256,.F.);
#1700=ORIENTED_EDGE('',*,*,#1257,.T.);
#1701=ORIENTED_EDGE('',*,*,#1258,.F.);
#1702=ORIENTED_EDGE('',*,*,#1178,.F.);
#1703=ORIENTED_EDGE('',*,*,#1258,.T.);
#1704=ORIENTED_EDGE('',*,*,#1259,.T.);
#1705=ORIENTED_EDGE('',*,*,#1260,.F.);
#1706=ORIENTED_EDGE('',*,*,#1261,.F.);
#1707=ORIENTED_EDGE('',*,*,#1262,.F.);
#1708=ORIENTED_EDGE('',*,*,#1263,.T.);
#1709=ORIENTED_EDGE('',*,*,#1264,.F.);
#1710=ORIENTED_EDGE('',*,*,#1261,.T.);
#1711=ORIENTED_EDGE('',*,*,#1265,.F.);
#1712=ORIENTED_EDGE('',*,*,#1263,.F.);
#1713=ORIENTED_EDGE('',*,*,#1228,.F.);
#1714=ORIENTED_EDGE('',*,*,#1265,.T.);
#1715=ORIENTED_EDGE('',*,*,#1264,.T.);
#1716=ORIENTED_EDGE('',*,*,#1204,.T.);
#1717=ORIENTED_EDGE('',*,*,#1262,.T.);
#1718=ORIENTED_EDGE('',*,*,#1266,.F.);
#1719=ORIENTED_EDGE('',*,*,#1267,.T.);
#1720=ORIENTED_EDGE('',*,*,#1268,.F.);
#1721=ORIENTED_EDGE('',*,*,#1218,.F.);
#1722=ORIENTED_EDGE('',*,*,#1268,.T.);
#1723=ORIENTED_EDGE('',*,*,#1269,.T.);
#1724=ORIENTED_EDGE('',*,*,#1270,.F.);
#1725=ORIENTED_EDGE('',*,*,#1271,.F.);
#1726=ORIENTED_EDGE('',*,*,#1272,.T.);
#1727=ORIENTED_EDGE('',*,*,#1273,.T.);
#1728=ORIENTED_EDGE('',*,*,#1274,.F.);
#1729=ORIENTED_EDGE('',*,*,#1275,.F.);
#1730=ORIENTED_EDGE('',*,*,#1276,.T.);
#1731=ORIENTED_EDGE('',*,*,#1277,.T.);
#1732=ORIENTED_EDGE('',*,*,#1272,.F.);
#1733=ORIENTED_EDGE('',*,*,#1278,.F.);
#1734=ORIENTED_EDGE('',*,*,#1279,.T.);
#1735=ORIENTED_EDGE('',*,*,#1280,.T.);
#1736=ORIENTED_EDGE('',*,*,#1276,.F.);
#1737=ORIENTED_EDGE('',*,*,#1281,.F.);
#1738=ORIENTED_EDGE('',*,*,#1274,.T.);
#1739=ORIENTED_EDGE('',*,*,#1282,.T.);
#1740=ORIENTED_EDGE('',*,*,#1279,.F.);
#1741=ORIENTED_EDGE('',*,*,#1282,.F.);
#1742=ORIENTED_EDGE('',*,*,#1273,.F.);
#1743=ORIENTED_EDGE('',*,*,#1277,.F.);
#1744=ORIENTED_EDGE('',*,*,#1280,.F.);
#1745=ORIENTED_EDGE('',*,*,#1283,.F.);
#1746=ORIENTED_EDGE('',*,*,#1284,.F.);
#1747=ORIENTED_EDGE('',*,*,#1285,.F.);
#1748=ORIENTED_EDGE('',*,*,#1286,.F.);
#1749=ORIENTED_EDGE('',*,*,#1287,.F.);
#1750=ORIENTED_EDGE('',*,*,#1288,.F.);
#1751=ORIENTED_EDGE('',*,*,#1289,.F.);
#1752=ORIENTED_EDGE('',*,*,#1290,.F.);
#1753=ORIENTED_EDGE('',*,*,#1239,.F.);
#1754=ORIENTED_EDGE('',*,*,#1291,.T.);
#1755=ORIENTED_EDGE('',*,*,#1292,.F.);
#1756=ORIENTED_EDGE('',*,*,#1293,.F.);
#1757=ORIENTED_EDGE('',*,*,#1240,.F.);
#1758=ORIENTED_EDGE('',*,*,#1293,.T.);
#1759=ORIENTED_EDGE('',*,*,#1294,.F.);
#1760=ORIENTED_EDGE('',*,*,#1295,.F.);
#1761=ORIENTED_EDGE('',*,*,#1241,.F.);
#1762=ORIENTED_EDGE('',*,*,#1295,.T.);
#1763=ORIENTED_EDGE('',*,*,#1296,.F.);
#1764=ORIENTED_EDGE('',*,*,#1297,.F.);
#1765=ORIENTED_EDGE('',*,*,#1242,.F.);
#1766=ORIENTED_EDGE('',*,*,#1297,.T.);
#1767=ORIENTED_EDGE('',*,*,#1298,.F.);
#1768=ORIENTED_EDGE('',*,*,#1291,.F.);
#1769=ORIENTED_EDGE('',*,*,#1298,.T.);
#1770=ORIENTED_EDGE('',*,*,#1296,.T.);
#1771=ORIENTED_EDGE('',*,*,#1294,.T.);
#1772=ORIENTED_EDGE('',*,*,#1292,.T.);
#1773=ORIENTED_EDGE('',*,*,#1299,.T.);
#1774=ORIENTED_EDGE('',*,*,#1300,.T.);
#1775=ORIENTED_EDGE('',*,*,#1301,.T.);
#1776=ORIENTED_EDGE('',*,*,#1302,.T.);
#1777=ORIENTED_EDGE('',*,*,#1303,.T.);
#1778=ORIENTED_EDGE('',*,*,#1304,.T.);
#1779=ORIENTED_EDGE('',*,*,#1305,.T.);
#1780=ORIENTED_EDGE('',*,*,#1306,.T.);
#1781=ORIENTED_EDGE('',*,*,#1284,.T.);
#1782=ORIENTED_EDGE('',*,*,#1307,.T.);
#1783=ORIENTED_EDGE('',*,*,#1304,.F.);
#1784=ORIENTED_EDGE('',*,*,#1307,.F.);
#1785=ORIENTED_EDGE('',*,*,#1285,.T.);
#1786=ORIENTED_EDGE('',*,*,#1308,.T.);
#1787=ORIENTED_EDGE('',*,*,#1303,.F.);
#1788=ORIENTED_EDGE('',*,*,#1308,.F.);
#1789=ORIENTED_EDGE('',*,*,#1286,.T.);
#1790=ORIENTED_EDGE('',*,*,#1309,.T.);
#1791=ORIENTED_EDGE('',*,*,#1299,.F.);
#1792=ORIENTED_EDGE('',*,*,#1309,.F.);
#1793=ORIENTED_EDGE('',*,*,#1289,.T.);
#1794=ORIENTED_EDGE('',*,*,#1310,.T.);
#1795=ORIENTED_EDGE('',*,*,#1301,.F.);
#1796=ORIENTED_EDGE('',*,*,#1310,.F.);
#1797=ORIENTED_EDGE('',*,*,#1288,.T.);
#1798=ORIENTED_EDGE('',*,*,#1311,.T.);
#1799=ORIENTED_EDGE('',*,*,#1306,.F.);
#1800=ORIENTED_EDGE('',*,*,#1311,.F.);
#1801=ORIENTED_EDGE('',*,*,#1283,.T.);
#1802=ORIENTED_EDGE('',*,*,#1312,.T.);
#1803=ORIENTED_EDGE('',*,*,#1305,.F.);
#1804=ORIENTED_EDGE('',*,*,#1312,.F.);
#1805=ORIENTED_EDGE('',*,*,#1287,.T.);
#1806=ORIENTED_EDGE('',*,*,#1313,.T.);
#1807=ORIENTED_EDGE('',*,*,#1300,.F.);
#1808=ORIENTED_EDGE('',*,*,#1313,.F.);
#1809=ORIENTED_EDGE('',*,*,#1290,.T.);
#1810=ORIENTED_EDGE('',*,*,#1314,.T.);
#1811=ORIENTED_EDGE('',*,*,#1302,.F.);
#1812=ORIENTED_EDGE('',*,*,#1314,.F.);
#1813=ORIENTED_EDGE('',*,*,#1180,.T.);
#1814=ORIENTED_EDGE('',*,*,#1315,.F.);
#1815=ORIENTED_EDGE('',*,*,#1316,.F.);
#1816=ORIENTED_EDGE('',*,*,#1266,.T.);
#1817=ORIENTED_EDGE('',*,*,#1257,.F.);
#1818=ORIENTED_EDGE('',*,*,#1317,.T.);
#1819=ORIENTED_EDGE('',*,*,#1318,.F.);
#1820=ORIENTED_EDGE('',*,*,#1259,.F.);
#1821=ORIENTED_EDGE('',*,*,#1255,.T.);
#1822=ORIENTED_EDGE('',*,*,#1319,.F.);
#1823=ORIENTED_EDGE('',*,*,#1317,.F.);
#1824=ORIENTED_EDGE('',*,*,#1256,.T.);
#1825=ORIENTED_EDGE('',*,*,#1244,.F.);
#1826=ORIENTED_EDGE('',*,*,#1320,.T.);
#1827=ORIENTED_EDGE('',*,*,#1321,.F.);
#1828=ORIENTED_EDGE('',*,*,#1247,.F.);
#1829=ORIENTED_EDGE('',*,*,#1238,.T.);
#1830=ORIENTED_EDGE('',*,*,#1322,.F.);
#1831=ORIENTED_EDGE('',*,*,#1320,.F.);
#1832=ORIENTED_EDGE('',*,*,#1243,.T.);
#1833=ORIENTED_EDGE('',*,*,#1221,.F.);
#1834=ORIENTED_EDGE('',*,*,#1323,.T.);
#1835=ORIENTED_EDGE('',*,*,#1324,.F.);
#1836=ORIENTED_EDGE('',*,*,#1230,.F.);
#1837=ORIENTED_EDGE('',*,*,#1216,.T.);
#1838=ORIENTED_EDGE('',*,*,#1325,.F.);
#1839=ORIENTED_EDGE('',*,*,#1323,.F.);
#1840=ORIENTED_EDGE('',*,*,#1220,.T.);
#1841=ORIENTED_EDGE('',*,*,#1267,.F.);
#1842=ORIENTED_EDGE('',*,*,#1316,.T.);
#1843=ORIENTED_EDGE('',*,*,#1326,.F.);
#1844=ORIENTED_EDGE('',*,*,#1269,.F.);
#1845=ORIENTED_EDGE('',*,*,#1327,.F.);
#1846=ORIENTED_EDGE('',*,*,#1328,.T.);
#1847=ORIENTED_EDGE('',*,*,#1329,.F.);
#1848=ORIENTED_EDGE('',*,*,#1330,.F.);
#1849=ORIENTED_EDGE('',*,*,#1114,.T.);
#1850=ORIENTED_EDGE('',*,*,#1118,.T.);
#1851=ORIENTED_EDGE('',*,*,#1122,.T.);
#1852=ORIENTED_EDGE('',*,*,#1126,.T.);
#1853=ORIENTED_EDGE('',*,*,#1130,.T.);
#1854=ORIENTED_EDGE('',*,*,#1134,.T.);
#1855=ORIENTED_EDGE('',*,*,#1138,.T.);
#1856=ORIENTED_EDGE('',*,*,#1142,.T.);
#1857=ORIENTED_EDGE('',*,*,#1146,.T.);
#1858=ORIENTED_EDGE('',*,*,#1150,.T.);
#1859=ORIENTED_EDGE('',*,*,#1154,.T.);
#1860=ORIENTED_EDGE('',*,*,#1158,.T.);
#1861=ORIENTED_EDGE('',*,*,#1162,.T.);
#1862=ORIENTED_EDGE('',*,*,#1166,.T.);
#1863=ORIENTED_EDGE('',*,*,#1170,.T.);
#1864=ORIENTED_EDGE('',*,*,#1174,.T.);
#1865=ORIENTED_EDGE('',*,*,#1331,.T.);
#1866=ORIENTED_EDGE('',*,*,#1330,.T.);
#1867=ORIENTED_EDGE('',*,*,#1332,.F.);
#1868=ORIENTED_EDGE('',*,*,#1333,.F.);
#1869=ORIENTED_EDGE('',*,*,#1334,.F.);
#1870=ORIENTED_EDGE('',*,*,#1333,.T.);
#1871=ORIENTED_EDGE('',*,*,#1335,.F.);
#1872=ORIENTED_EDGE('',*,*,#1336,.F.);
#1873=ORIENTED_EDGE('',*,*,#1103,.T.);
#1874=ORIENTED_EDGE('',*,*,#1113,.T.);
#1875=ORIENTED_EDGE('',*,*,#1110,.T.);
#1876=ORIENTED_EDGE('',*,*,#1107,.T.);
#1877=ORIENTED_EDGE('',*,*,#1337,.T.);
#1878=ORIENTED_EDGE('',*,*,#1336,.T.);
#1879=ORIENTED_EDGE('',*,*,#1338,.F.);
#1880=ORIENTED_EDGE('',*,*,#1339,.F.);
#1881=ORIENTED_EDGE('',*,*,#1340,.F.);
#1882=ORIENTED_EDGE('',*,*,#1339,.T.);
#1883=ORIENTED_EDGE('',*,*,#1341,.F.);
#1884=ORIENTED_EDGE('',*,*,#1342,.F.);
#1885=ORIENTED_EDGE('',*,*,#1271,.T.);
#1886=ORIENTED_EDGE('',*,*,#1281,.T.);
#1887=ORIENTED_EDGE('',*,*,#1278,.T.);
#1888=ORIENTED_EDGE('',*,*,#1275,.T.);
#1889=ORIENTED_EDGE('',*,*,#1343,.T.);
#1890=ORIENTED_EDGE('',*,*,#1342,.T.);
#1891=ORIENTED_EDGE('',*,*,#1344,.F.);
#1892=ORIENTED_EDGE('',*,*,#1345,.F.);
#1893=ORIENTED_EDGE('',*,*,#1346,.F.);
#1894=ORIENTED_EDGE('',*,*,#1345,.T.);
#1895=ORIENTED_EDGE('',*,*,#1347,.F.);
#1896=ORIENTED_EDGE('',*,*,#1348,.F.);
#1897=ORIENTED_EDGE('',*,*,#1081,.T.);
#1898=ORIENTED_EDGE('',*,*,#1097,.T.);
#1899=ORIENTED_EDGE('',*,*,#1094,.T.);
#1900=ORIENTED_EDGE('',*,*,#1091,.T.);
#1901=ORIENTED_EDGE('',*,*,#1088,.T.);
#1902=ORIENTED_EDGE('',*,*,#1085,.T.);
#1903=ORIENTED_EDGE('',*,*,#1349,.T.);
#1904=ORIENTED_EDGE('',*,*,#1348,.T.);
#1905=ORIENTED_EDGE('',*,*,#1350,.F.);
#1906=ORIENTED_EDGE('',*,*,#1328,.F.);
#1907=ORIENTED_EDGE('',*,*,#1350,.T.);
#1908=ORIENTED_EDGE('',*,*,#1347,.T.);
#1909=ORIENTED_EDGE('',*,*,#1344,.T.);
#1910=ORIENTED_EDGE('',*,*,#1341,.T.);
#1911=ORIENTED_EDGE('',*,*,#1338,.T.);
#1912=ORIENTED_EDGE('',*,*,#1335,.T.);
#1913=ORIENTED_EDGE('',*,*,#1332,.T.);
#1914=ORIENTED_EDGE('',*,*,#1329,.T.);
#1915=ORIENTED_EDGE('',*,*,#1315,.T.);
#1916=ORIENTED_EDGE('',*,*,#1179,.T.);
#1917=ORIENTED_EDGE('',*,*,#1260,.T.);
#1918=ORIENTED_EDGE('',*,*,#1318,.T.);
#1919=ORIENTED_EDGE('',*,*,#1319,.T.);
#1920=ORIENTED_EDGE('',*,*,#1254,.T.);
#1921=ORIENTED_EDGE('',*,*,#1248,.T.);
#1922=ORIENTED_EDGE('',*,*,#1321,.T.);
#1923=ORIENTED_EDGE('',*,*,#1322,.T.);
#1924=ORIENTED_EDGE('',*,*,#1237,.T.);
#1925=ORIENTED_EDGE('',*,*,#1231,.T.);
#1926=ORIENTED_EDGE('',*,*,#1324,.T.);
#1927=ORIENTED_EDGE('',*,*,#1325,.T.);
#1928=ORIENTED_EDGE('',*,*,#1219,.T.);
#1929=ORIENTED_EDGE('',*,*,#1270,.T.);
#1930=ORIENTED_EDGE('',*,*,#1326,.T.);
#1931=ORIENTED_EDGE('',*,*,#1349,.F.);
#1932=ORIENTED_EDGE('',*,*,#1327,.T.);
#1933=ORIENTED_EDGE('',*,*,#1331,.F.);
#1934=ORIENTED_EDGE('',*,*,#1334,.T.);
#1935=ORIENTED_EDGE('',*,*,#1337,.F.);
#1936=ORIENTED_EDGE('',*,*,#1340,.T.);
#1937=ORIENTED_EDGE('',*,*,#1343,.F.);
#1938=ORIENTED_EDGE('',*,*,#1346,.T.);
#1939=CYLINDRICAL_SURFACE('',#2101,3.);
#1940=CYLINDRICAL_SURFACE('',#2106,3.);
#1941=CYLINDRICAL_SURFACE('',#2111,3.);
#1942=CYLINDRICAL_SURFACE('',#2116,3.);
#1943=CYLINDRICAL_SURFACE('',#2121,1.1);
#1944=CYLINDRICAL_SURFACE('',#2124,1.1);
#1945=CYLINDRICAL_SURFACE('',#2127,1.1);
#1946=CYLINDRICAL_SURFACE('',#2130,1.1);
#1947=CYLINDRICAL_SURFACE('',#2193,1.3);
#1948=CYLINDRICAL_SURFACE('',#2197,1.3);
#1949=CYLINDRICAL_SURFACE('',#2201,1.3);
#1950=CYLINDRICAL_SURFACE('',#2205,1.3);
#1951=CYLINDRICAL_SURFACE('',#2209,3.);
#1952=CYLINDRICAL_SURFACE('',#2212,3.);
#1953=CYLINDRICAL_SURFACE('',#2224,3.);
#1954=CYLINDRICAL_SURFACE('',#2227,3.);
#1955=CYLINDRICAL_SURFACE('',#2234,3.);
#1956=CYLINDRICAL_SURFACE('',#2237,3.);
#1957=CYLINDRICAL_SURFACE('',#2244,3.);
#1958=CYLINDRICAL_SURFACE('',#2247,3.);
#1959=CYLINDRICAL_SURFACE('',#2279,2.6);
#1960=CYLINDRICAL_SURFACE('',#2280,2.6);
#1961=CYLINDRICAL_SURFACE('',#2281,2.6);
#1962=CYLINDRICAL_SURFACE('',#2282,2.6);
#1963=CYLINDRICAL_SURFACE('',#2283,2.6);
#1964=CYLINDRICAL_SURFACE('',#2284,2.6);
#1965=CYLINDRICAL_SURFACE('',#2285,2.6);
#1966=CYLINDRICAL_SURFACE('',#2286,2.6);
#1967=CYLINDRICAL_SURFACE('',#2288,0.499999999999991);
#1968=CYLINDRICAL_SURFACE('',#2291,0.499999999999995);
#1969=CYLINDRICAL_SURFACE('',#2294,0.5);
#1970=CYLINDRICAL_SURFACE('',#2297,0.499999999999991);
#1971=CYLINDRICAL_SURFACE('',#2300,2.49999999999999);
#1972=CYLINDRICAL_SURFACE('',#2304,2.5);
#1973=CYLINDRICAL_SURFACE('',#2308,2.5);
#1974=CYLINDRICAL_SURFACE('',#2312,2.49999999999999);
#1975=ADVANCED_FACE('',(#189),#1939,.T.);
#1976=ADVANCED_FACE('',(#190,#79),#129,.T.);
#1977=ADVANCED_FACE('',(#191),#1940,.T.);
#1978=ADVANCED_FACE('',(#192,#80),#130,.T.);
#1979=ADVANCED_FACE('',(#193),#1941,.T.);
#1980=ADVANCED_FACE('',(#194,#81),#131,.T.);
#1981=ADVANCED_FACE('',(#195),#1942,.T.);
#1982=ADVANCED_FACE('',(#196,#82),#132,.T.);
#1983=ADVANCED_FACE('',(#197),#1943,.F.);
#1984=ADVANCED_FACE('',(#198),#133,.T.);
#1985=ADVANCED_FACE('',(#199),#1944,.F.);
#1986=ADVANCED_FACE('',(#200),#134,.T.);
#1987=ADVANCED_FACE('',(#201),#1945,.F.);
#1988=ADVANCED_FACE('',(#202),#135,.T.);
#1989=ADVANCED_FACE('',(#203),#1946,.F.);
#1990=ADVANCED_FACE('',(#204),#136,.T.);
#1991=ADVANCED_FACE('',(#205),#137,.F.);
#1992=ADVANCED_FACE('',(#206),#138,.F.);
#1993=ADVANCED_FACE('',(#207),#139,.F.);
#1994=ADVANCED_FACE('',(#208),#140,.F.);
#1995=ADVANCED_FACE('',(#209),#141,.F.);
#1996=ADVANCED_FACE('',(#210),#142,.F.);
#1997=ADVANCED_FACE('',(#211),#143,.F.);
#1998=ADVANCED_FACE('',(#212),#144,.F.);
#1999=ADVANCED_FACE('',(#213),#145,.F.);
#2000=ADVANCED_FACE('',(#214),#146,.F.);
#2001=ADVANCED_FACE('',(#215),#147,.F.);
#2002=ADVANCED_FACE('',(#216),#63,.T.);
#2003=ADVANCED_FACE('',(#217),#64,.T.);
#2004=ADVANCED_FACE('',(#218),#65,.T.);
#2005=ADVANCED_FACE('',(#219),#66,.T.);
#2006=ADVANCED_FACE('',(#220),#67,.T.);
#2007=ADVANCED_FACE('',(#221),#68,.T.);
#2008=ADVANCED_FACE('',(#222),#69,.T.);
#2009=ADVANCED_FACE('',(#223),#70,.T.);
#2010=ADVANCED_FACE('',(#224),#71,.T.);
#2011=ADVANCED_FACE('',(#225),#72,.T.);
#2012=ADVANCED_FACE('',(#226),#73,.T.);
#2013=ADVANCED_FACE('',(#227),#74,.T.);
#2014=ADVANCED_FACE('',(#228),#75,.T.);
#2015=ADVANCED_FACE('',(#229),#76,.T.);
#2016=ADVANCED_FACE('',(#230),#77,.T.);
#2017=ADVANCED_FACE('',(#231),#78,.T.);
#2018=ADVANCED_FACE('',(#232),#148,.F.);
#2019=ADVANCED_FACE('',(#233),#1947,.F.);
#2020=ADVANCED_FACE('',(#234),#149,.T.);
#2021=ADVANCED_FACE('',(#235),#1948,.F.);
#2022=ADVANCED_FACE('',(#236),#150,.T.);
#2023=ADVANCED_FACE('',(#237),#1949,.F.);
#2024=ADVANCED_FACE('',(#238),#151,.T.);
#2025=ADVANCED_FACE('',(#239),#1950,.F.);
#2026=ADVANCED_FACE('',(#240),#152,.T.);
#2027=ADVANCED_FACE('',(#241),#1951,.T.);
#2028=ADVANCED_FACE('',(#242),#1952,.T.);
#2029=ADVANCED_FACE('',(#243,#83),#153,.T.);
#2030=ADVANCED_FACE('',(#244,#84),#154,.F.);
#2031=ADVANCED_FACE('',(#245),#155,.T.);
#2032=ADVANCED_FACE('',(#246,#85,#86,#87,#88),#156,.T.);
#2033=ADVANCED_FACE('',(#247),#157,.F.);
#2034=ADVANCED_FACE('',(#248),#1953,.T.);
#2035=ADVANCED_FACE('',(#249),#1954,.T.);
#2036=ADVANCED_FACE('',(#250,#89),#158,.T.);
#2037=ADVANCED_FACE('',(#251,#90),#159,.F.);
#2038=ADVANCED_FACE('',(#252),#160,.T.);
#2039=ADVANCED_FACE('',(#253),#161,.F.);
#2040=ADVANCED_FACE('',(#254),#1955,.T.);
#2041=ADVANCED_FACE('',(#255),#1956,.T.);
#2042=ADVANCED_FACE('',(#256,#91),#162,.T.);
#2043=ADVANCED_FACE('',(#257),#163,.F.);
#2044=ADVANCED_FACE('',(#258),#164,.T.);
#2045=ADVANCED_FACE('',(#259),#165,.F.);
#2046=ADVANCED_FACE('',(#260),#1957,.T.);
#2047=ADVANCED_FACE('',(#261),#1958,.T.);
#2048=ADVANCED_FACE('',(#262,#92),#166,.T.);
#2049=ADVANCED_FACE('',(#263),#167,.T.);
#2050=ADVANCED_FACE('',(#264),#168,.F.);
#2051=ADVANCED_FACE('',(#265),#169,.F.);
#2052=ADVANCED_FACE('',(#266),#170,.F.);
#2053=ADVANCED_FACE('',(#267),#171,.F.);
#2054=ADVANCED_FACE('',(#268),#172,.F.);
#2055=ADVANCED_FACE('',(#269,#93,#94,#95,#96,#97,#98,#99,#100),#173,.T.);
#2056=ADVANCED_FACE('',(#270),#174,.T.);
#2057=ADVANCED_FACE('',(#271),#175,.T.);
#2058=ADVANCED_FACE('',(#272),#176,.T.);
#2059=ADVANCED_FACE('',(#273),#177,.T.);
#2060=ADVANCED_FACE('',(#274,#101,#102,#103,#104,#105,#106,#107,#108),#178,
 .T.);
#2061=ADVANCED_FACE('',(#275),#1959,.F.);
#2062=ADVANCED_FACE('',(#276),#1960,.F.);
#2063=ADVANCED_FACE('',(#277),#1961,.F.);
#2064=ADVANCED_FACE('',(#278),#1962,.F.);
#2065=ADVANCED_FACE('',(#279),#1963,.F.);
#2066=ADVANCED_FACE('',(#280),#1964,.F.);
#2067=ADVANCED_FACE('',(#281),#1965,.F.);
#2068=ADVANCED_FACE('',(#282),#1966,.F.);
#2069=ADVANCED_FACE('',(#283),#179,.F.);
#2070=ADVANCED_FACE('',(#284),#1967,.F.);
#2071=ADVANCED_FACE('',(#285),#180,.F.);
#2072=ADVANCED_FACE('',(#286),#1968,.F.);
#2073=ADVANCED_FACE('',(#287),#181,.F.);
#2074=ADVANCED_FACE('',(#288),#1969,.F.);
#2075=ADVANCED_FACE('',(#289),#182,.F.);
#2076=ADVANCED_FACE('',(#290),#1970,.F.);
#2077=ADVANCED_FACE('',(#291,#109,#110,#111,#112,#113,#114,#115,#116,#117,
#118,#119,#120,#121,#122,#123,#124),#183,.T.);
#2078=ADVANCED_FACE('',(#292),#1971,.T.);
#2079=ADVANCED_FACE('',(#293,#125),#184,.T.);
#2080=ADVANCED_FACE('',(#294),#1972,.T.);
#2081=ADVANCED_FACE('',(#295,#126),#185,.T.);
#2082=ADVANCED_FACE('',(#296),#1973,.T.);
#2083=ADVANCED_FACE('',(#297,#127),#186,.T.);
#2084=ADVANCED_FACE('',(#298),#1974,.T.);
#2085=ADVANCED_FACE('',(#299,#128),#187,.T.);
#2086=ADVANCED_FACE('',(#300),#188,.F.);
#2087=CLOSED_SHELL('',(#1975,#1976,#1977,#1978,#1979,#1980,#1981,#1982,
#1983,#1984,#1985,#1986,#1987,#1988,#1989,#1990,#1991,#1992,#1993,#1994,
#1995,#1996,#1997,#1998,#1999,#2000,#2001,#2002,#2003,#2004,#2005,#2006,
#2007,#2008,#2009,#2010,#2011,#2012,#2013,#2014,#2015,#2016,#2017,#2018,
#2019,#2020,#2021,#2022,#2023,#2024,#2025,#2026,#2027,#2028,#2029,#2030,
#2031,#2032,#2033,#2034,#2035,#2036,#2037,#2038,#2039,#2040,#2041,#2042,
#2043,#2044,#2045,#2046,#2047,#2048,#2049,#2050,#2051,#2052,#2053,#2054,
#2055,#2056,#2057,#2058,#2059,#2060,#2061,#2062,#2063,#2064,#2065,#2066,
#2067,#2068,#2069,#2070,#2071,#2072,#2073,#2074,#2075,#2076,#2077,#2078,
#2079,#2080,#2081,#2082,#2083,#2084,#2085,#2086));
#2088=DERIVED_UNIT_ELEMENT(#2090,1.);
#2089=DERIVED_UNIT_ELEMENT(#3783,-3.);
#2090=(
MASS_UNIT()
NAMED_UNIT(*)
SI_UNIT(.KILO.,.GRAM.)
);
#2091=DERIVED_UNIT((#2088,#2089));
#2092=MEASURE_REPRESENTATION_ITEM('density measure',
POSITIVE_RATIO_MEASURE(7850.),#2091);
#2093=PROPERTY_DEFINITION_REPRESENTATION(#2098,#2095);
#2094=PROPERTY_DEFINITION_REPRESENTATION(#2099,#2096);
#2095=REPRESENTATION('material name',(#2097),#3780);
#2096=REPRESENTATION('density',(#2092),#3780);
#2097=DESCRIPTIVE_REPRESENTATION_ITEM('Steel','Steel');
#2098=PROPERTY_DEFINITION('material property','material name',#3790);
#2099=PROPERTY_DEFINITION('material property','density of part',#3790);
#2100=AXIS2_PLACEMENT_3D('',#2925,#2317,#2318);
#2101=AXIS2_PLACEMENT_3D('',#2926,#2319,#2320);
#2102=AXIS2_PLACEMENT_3D('',#2928,#2321,#2322);
#2103=AXIS2_PLACEMENT_3D('',#2931,#2324,#2325);
#2104=AXIS2_PLACEMENT_3D('',#2932,#2326,#2327);
#2105=AXIS2_PLACEMENT_3D('',#2934,#2328,#2329);
#2106=AXIS2_PLACEMENT_3D('',#2935,#2330,#2331);
#2107=AXIS2_PLACEMENT_3D('',#2937,#2332,#2333);
#2108=AXIS2_PLACEMENT_3D('',#2940,#2335,#2336);
#2109=AXIS2_PLACEMENT_3D('',#2941,#2337,#2338);
#2110=AXIS2_PLACEMENT_3D('',#2943,#2339,#2340);
#2111=AXIS2_PLACEMENT_3D('',#2944,#2341,#2342);
#2112=AXIS2_PLACEMENT_3D('',#2946,#2343,#2344);
#2113=AXIS2_PLACEMENT_3D('',#2949,#2346,#2347);
#2114=AXIS2_PLACEMENT_3D('',#2950,#2348,#2349);
#2115=AXIS2_PLACEMENT_3D('',#2952,#2350,#2351);
#2116=AXIS2_PLACEMENT_3D('',#2953,#2352,#2353);
#2117=AXIS2_PLACEMENT_3D('',#2955,#2354,#2355);
#2118=AXIS2_PLACEMENT_3D('',#2958,#2357,#2358);
#2119=AXIS2_PLACEMENT_3D('',#2959,#2359,#2360);
#2120=AXIS2_PLACEMENT_3D('',#2961,#2361,#2362);
#2121=AXIS2_PLACEMENT_3D('',#2962,#2363,#2364);
#2122=AXIS2_PLACEMENT_3D('',#2965,#2366,#2367);
#2123=AXIS2_PLACEMENT_3D('',#2966,#2368,#2369);
#2124=AXIS2_PLACEMENT_3D('',#2967,#2370,#2371);
#2125=AXIS2_PLACEMENT_3D('',#2970,#2373,#2374);
#2126=AXIS2_PLACEMENT_3D('',#2971,#2375,#2376);
#2127=AXIS2_PLACEMENT_3D('',#2972,#2377,#2378);
#2128=AXIS2_PLACEMENT_3D('',#2975,#2380,#2381);
#2129=AXIS2_PLACEMENT_3D('',#2976,#2382,#2383);
#2130=AXIS2_PLACEMENT_3D('',#2977,#2384,#2385);
#2131=AXIS2_PLACEMENT_3D('',#2980,#2387,#2388);
#2132=AXIS2_PLACEMENT_3D('',#2981,#2389,#2390);
#2133=AXIS2_PLACEMENT_3D('',#2982,#2391,#2392);
#2134=AXIS2_PLACEMENT_3D('',#2991,#2397,#2398);
#2135=AXIS2_PLACEMENT_3D('',#2997,#2402,#2403);
#2136=AXIS2_PLACEMENT_3D('',#3003,#2407,#2408);
#2137=AXIS2_PLACEMENT_3D('',#3009,#2412,#2413);
#2138=AXIS2_PLACEMENT_3D('',#3015,#2417,#2418);
#2139=AXIS2_PLACEMENT_3D('',#3018,#2421,#2422);
#2140=AXIS2_PLACEMENT_3D('',#3027,#2427,#2428);
#2141=AXIS2_PLACEMENT_3D('',#3035,#2433,#2434);
#2142=AXIS2_PLACEMENT_3D('',#3041,#2438,#2439);
#2143=AXIS2_PLACEMENT_3D('',#3046,#2443,#2444);
#2144=AXIS2_PLACEMENT_3D('',#3067,#2446,#2447);
#2145=AXIS2_PLACEMENT_3D('',#3071,#2449,#2450);
#2146=AXIS2_PLACEMENT_3D('',#3072,#2451,#2452);
#2147=AXIS2_PLACEMENT_3D('',#3092,#2453,#2454);
#2148=AXIS2_PLACEMENT_3D('',#3096,#2456,#2457);
#2149=AXIS2_PLACEMENT_3D('',#3097,#2458,#2459);
#2150=AXIS2_PLACEMENT_3D('',#3117,#2460,#2461);
#2151=AXIS2_PLACEMENT_3D('',#3121,#2463,#2464);
#2152=AXIS2_PLACEMENT_3D('',#3122,#2465,#2466);
#2153=AXIS2_PLACEMENT_3D('',#3142,#2467,#2468);
#2154=AXIS2_PLACEMENT_3D('',#3146,#2470,#2471);
#2155=AXIS2_PLACEMENT_3D('',#3147,#2472,#2473);
#2156=AXIS2_PLACEMENT_3D('',#3167,#2474,#2475);
#2157=AXIS2_PLACEMENT_3D('',#3171,#2477,#2478);
#2158=AXIS2_PLACEMENT_3D('',#3172,#2479,#2480);
#2159=AXIS2_PLACEMENT_3D('',#3192,#2481,#2482);
#2160=AXIS2_PLACEMENT_3D('',#3196,#2484,#2485);
#2161=AXIS2_PLACEMENT_3D('',#3197,#2486,#2487);
#2162=AXIS2_PLACEMENT_3D('',#3217,#2488,#2489);
#2163=AXIS2_PLACEMENT_3D('',#3221,#2491,#2492);
#2164=AXIS2_PLACEMENT_3D('',#3222,#2493,#2494);
#2165=AXIS2_PLACEMENT_3D('',#3242,#2495,#2496);
#2166=AXIS2_PLACEMENT_3D('',#3246,#2498,#2499);
#2167=AXIS2_PLACEMENT_3D('',#3247,#2500,#2501);
#2168=AXIS2_PLACEMENT_3D('',#3267,#2502,#2503);
#2169=AXIS2_PLACEMENT_3D('',#3271,#2505,#2506);
#2170=AXIS2_PLACEMENT_3D('',#3272,#2507,#2508);
#2171=AXIS2_PLACEMENT_3D('',#3292,#2509,#2510);
#2172=AXIS2_PLACEMENT_3D('',#3296,#2512,#2513);
#2173=AXIS2_PLACEMENT_3D('',#3297,#2514,#2515);
#2174=AXIS2_PLACEMENT_3D('',#3317,#2516,#2517);
#2175=AXIS2_PLACEMENT_3D('',#3321,#2519,#2520);
#2176=AXIS2_PLACEMENT_3D('',#3322,#2521,#2522);
#2177=AXIS2_PLACEMENT_3D('',#3342,#2523,#2524);
#2178=AXIS2_PLACEMENT_3D('',#3346,#2526,#2527);
#2179=AXIS2_PLACEMENT_3D('',#3347,#2528,#2529);
#2180=AXIS2_PLACEMENT_3D('',#3367,#2530,#2531);
#2181=AXIS2_PLACEMENT_3D('',#3371,#2533,#2534);
#2182=AXIS2_PLACEMENT_3D('',#3372,#2535,#2536);
#2183=AXIS2_PLACEMENT_3D('',#3392,#2537,#2538);
#2184=AXIS2_PLACEMENT_3D('',#3396,#2540,#2541);
#2185=AXIS2_PLACEMENT_3D('',#3397,#2542,#2543);
#2186=AXIS2_PLACEMENT_3D('',#3417,#2544,#2545);
#2187=AXIS2_PLACEMENT_3D('',#3421,#2547,#2548);
#2188=AXIS2_PLACEMENT_3D('',#3422,#2549,#2550);
#2189=AXIS2_PLACEMENT_3D('',#3442,#2551,#2552);
#2190=AXIS2_PLACEMENT_3D('',#3446,#2554,#2555);
#2191=AXIS2_PLACEMENT_3D('',#3447,#2556,#2557);
#2192=AXIS2_PLACEMENT_3D('',#3448,#2558,#2559);
#2193=AXIS2_PLACEMENT_3D('',#3473,#2580,#2581);
#2194=AXIS2_PLACEMENT_3D('',#3475,#2582,#2583);
#2195=AXIS2_PLACEMENT_3D('',#3478,#2585,#2586);
#2196=AXIS2_PLACEMENT_3D('',#3479,#2587,#2588);
#2197=AXIS2_PLACEMENT_3D('',#3480,#2589,#2590);
#2198=AXIS2_PLACEMENT_3D('',#3482,#2591,#2592);
#2199=AXIS2_PLACEMENT_3D('',#3485,#2594,#2595);
#2200=AXIS2_PLACEMENT_3D('',#3486,#2596,#2597);
#2201=AXIS2_PLACEMENT_3D('',#3487,#2598,#2599);
#2202=AXIS2_PLACEMENT_3D('',#3489,#2600,#2601);
#2203=AXIS2_PLACEMENT_3D('',#3492,#2603,#2604);
#2204=AXIS2_PLACEMENT_3D('',#3493,#2605,#2606);
#2205=AXIS2_PLACEMENT_3D('',#3494,#2607,#2608);
#2206=AXIS2_PLACEMENT_3D('',#3496,#2609,#2610);
#2207=AXIS2_PLACEMENT_3D('',#3499,#2612,#2613);
#2208=AXIS2_PLACEMENT_3D('',#3500,#2614,#2615);
#2209=AXIS2_PLACEMENT_3D('',#3501,#2616,#2617);
#2210=AXIS2_PLACEMENT_3D('',#3506,#2619,#2620);
#2211=AXIS2_PLACEMENT_3D('',#3509,#2622,#2623);
#2212=AXIS2_PLACEMENT_3D('',#3510,#2624,#2625);
#2213=AXIS2_PLACEMENT_3D('',#3511,#2626,#2627);
#2214=AXIS2_PLACEMENT_3D('',#3512,#2628,#2629);
#2215=AXIS2_PLACEMENT_3D('',#3513,#2630,#2631);
#2216=AXIS2_PLACEMENT_3D('',#3514,#2632,#2633);
#2217=AXIS2_PLACEMENT_3D('',#3521,#2638,#2639);
#2218=AXIS2_PLACEMENT_3D('',#3525,#2641,#2642);
#2219=AXIS2_PLACEMENT_3D('',#3527,#2644,#2645);
#2220=AXIS2_PLACEMENT_3D('',#3531,#2647,#2648);
#2221=AXIS2_PLACEMENT_3D('',#3535,#2651,#2652);
#2222=AXIS2_PLACEMENT_3D('',#3536,#2653,#2654);
#2223=AXIS2_PLACEMENT_3D('',#3537,#2655,#2656);
#2224=AXIS2_PLACEMENT_3D('',#3542,#2660,#2661);
#2225=AXIS2_PLACEMENT_3D('',#3545,#2663,#2664);
#2226=AXIS2_PLACEMENT_3D('',#3548,#2666,#2667);
#2227=AXIS2_PLACEMENT_3D('',#3549,#2668,#2669);
#2228=AXIS2_PLACEMENT_3D('',#3550,#2670,#2671);
#2229=AXIS2_PLACEMENT_3D('',#3551,#2672,#2673);
#2230=AXIS2_PLACEMENT_3D('',#3552,#2674,#2675);
#2231=AXIS2_PLACEMENT_3D('',#3563,#2682,#2683);
#2232=AXIS2_PLACEMENT_3D('',#3567,#2685,#2686);
#2233=AXIS2_PLACEMENT_3D('',#3569,#2688,#2689);
#2234=AXIS2_PLACEMENT_3D('',#3574,#2693,#2694);
#2235=AXIS2_PLACEMENT_3D('',#3577,#2696,#2697);
#2236=AXIS2_PLACEMENT_3D('',#3579,#2699,#2700);
#2237=AXIS2_PLACEMENT_3D('',#3580,#2701,#2702);
#2238=AXIS2_PLACEMENT_3D('',#3581,#2703,#2704);
#2239=AXIS2_PLACEMENT_3D('',#3582,#2705,#2706);
#2240=AXIS2_PLACEMENT_3D('',#3583,#2707,#2708);
#2241=AXIS2_PLACEMENT_3D('',#3586,#2711,#2712);
#2242=AXIS2_PLACEMENT_3D('',#3590,#2714,#2715);
#2243=AXIS2_PLACEMENT_3D('',#3592,#2717,#2718);
#2244=AXIS2_PLACEMENT_3D('',#3596,#2721,#2722);
#2245=AXIS2_PLACEMENT_3D('',#3598,#2724,#2725);
#2246=AXIS2_PLACEMENT_3D('',#3600,#2727,#2728);
#2247=AXIS2_PLACEMENT_3D('',#3601,#2729,#2730);
#2248=AXIS2_PLACEMENT_3D('',#3602,#2731,#2732);
#2249=AXIS2_PLACEMENT_3D('',#3603,#2733,#2734);
#2250=AXIS2_PLACEMENT_3D('',#3604,#2735,#2736);
#2251=AXIS2_PLACEMENT_3D('',#3608,#2738,#2739);
#2252=AXIS2_PLACEMENT_3D('',#3610,#2741,#2742);
#2253=AXIS2_PLACEMENT_3D('',#3614,#2745,#2746);
#2254=AXIS2_PLACEMENT_3D('',#3623,#2751,#2752);
#2255=AXIS2_PLACEMENT_3D('',#3629,#2756,#2757);
#2256=AXIS2_PLACEMENT_3D('',#3635,#2761,#2762);
#2257=AXIS2_PLACEMENT_3D('',#3638,#2765,#2766);
#2258=AXIS2_PLACEMENT_3D('',#3640,#2767,#2768);
#2259=AXIS2_PLACEMENT_3D('',#3642,#2769,#2770);
#2260=AXIS2_PLACEMENT_3D('',#3644,#2771,#2772);
#2261=AXIS2_PLACEMENT_3D('',#3646,#2773,#2774);
#2262=AXIS2_PLACEMENT_3D('',#3648,#2775,#2776);
#2263=AXIS2_PLACEMENT_3D('',#3650,#2777,#2778);
#2264=AXIS2_PLACEMENT_3D('',#3652,#2779,#2780);
#2265=AXIS2_PLACEMENT_3D('',#3654,#2781,#2782);
#2266=AXIS2_PLACEMENT_3D('',#3655,#2783,#2784);
#2267=AXIS2_PLACEMENT_3D('',#3661,#2788,#2789);
#2268=AXIS2_PLACEMENT_3D('',#3665,#2792,#2793);
#2269=AXIS2_PLACEMENT_3D('',#3669,#2796,#2797);
#2270=AXIS2_PLACEMENT_3D('',#3671,#2799,#2800);
#2271=AXIS2_PLACEMENT_3D('',#3673,#2801,#2802);
#2272=AXIS2_PLACEMENT_3D('',#3675,#2803,#2804);
#2273=AXIS2_PLACEMENT_3D('',#3677,#2805,#2806);
#2274=AXIS2_PLACEMENT_3D('',#3679,#2807,#2808);
#2275=AXIS2_PLACEMENT_3D('',#3681,#2809,#2810);
#2276=AXIS2_PLACEMENT_3D('',#3683,#2811,#2812);
#2277=AXIS2_PLACEMENT_3D('',#3685,#2813,#2814);
#2278=AXIS2_PLACEMENT_3D('',#3687,#2815,#2816);
#2279=AXIS2_PLACEMENT_3D('',#3688,#2817,#2818);
#2280=AXIS2_PLACEMENT_3D('',#3690,#2820,#2821);
#2281=AXIS2_PLACEMENT_3D('',#3692,#2823,#2824);
#2282=AXIS2_PLACEMENT_3D('',#3694,#2826,#2827);
#2283=AXIS2_PLACEMENT_3D('',#3696,#2829,#2830);
#2284=AXIS2_PLACEMENT_3D('',#3698,#2832,#2833);
#2285=AXIS2_PLACEMENT_3D('',#3700,#2835,#2836);
#2286=AXIS2_PLACEMENT_3D('',#3702,#2838,#2839);
#2287=AXIS2_PLACEMENT_3D('',#3704,#2841,#2842);
#2288=AXIS2_PLACEMENT_3D('',#3708,#2845,#2846);
#2289=AXIS2_PLACEMENT_3D('',#3711,#2848,#2849);
#2290=AXIS2_PLACEMENT_3D('',#3712,#2850,#2851);
#2291=AXIS2_PLACEMENT_3D('',#3714,#2853,#2854);
#2292=AXIS2_PLACEMENT_3D('',#3717,#2856,#2857);
#2293=AXIS2_PLACEMENT_3D('',#3718,#2858,#2859);
#2294=AXIS2_PLACEMENT_3D('',#3720,#2861,#2862);
#2295=AXIS2_PLACEMENT_3D('',#3723,#2864,#2865);
#2296=AXIS2_PLACEMENT_3D('',#3724,#2866,#2867);
#2297=AXIS2_PLACEMENT_3D('',#3726,#2869,#2870);
#2298=AXIS2_PLACEMENT_3D('',#3727,#2871,#2872);
#2299=AXIS2_PLACEMENT_3D('',#3728,#2873,#2874);
#2300=AXIS2_PLACEMENT_3D('',#3737,#2879,#2880);
#2301=AXIS2_PLACEMENT_3D('',#3739,#2881,#2882);
#2302=AXIS2_PLACEMENT_3D('',#3741,#2883,#2884);
#2303=AXIS2_PLACEMENT_3D('',#3743,#2886,#2887);
#2304=AXIS2_PLACEMENT_3D('',#3749,#2891,#2892);
#2305=AXIS2_PLACEMENT_3D('',#3751,#2893,#2894);
#2306=AXIS2_PLACEMENT_3D('',#3753,#2895,#2896);
#2307=AXIS2_PLACEMENT_3D('',#3755,#2898,#2899);
#2308=AXIS2_PLACEMENT_3D('',#3761,#2903,#2904);
#2309=AXIS2_PLACEMENT_3D('',#3763,#2905,#2906);
#2310=AXIS2_PLACEMENT_3D('',#3765,#2907,#2908);
#2311=AXIS2_PLACEMENT_3D('',#3767,#2910,#2911);
#2312=AXIS2_PLACEMENT_3D('',#3773,#2915,#2916);
#2313=AXIS2_PLACEMENT_3D('',#3774,#2917,#2918);
#2314=AXIS2_PLACEMENT_3D('',#3775,#2919,#2920);
#2315=AXIS2_PLACEMENT_3D('',#3776,#2921,#2922);
#2316=AXIS2_PLACEMENT_3D('',#3777,#2923,#2924);
#2317=DIRECTION('axis',(0.,0.,1.));
#2318=DIRECTION('refdir',(1.,0.,0.));
#2319=DIRECTION('center_axis',(0.,0.,1.));
#2320=DIRECTION('ref_axis',(-1.,0.,0.));
#2321=DIRECTION('center_axis',(0.,0.,1.));
#2322=DIRECTION('ref_axis',(-1.,0.,0.));
#2323=DIRECTION('',(0.,0.,-1.));
#2324=DIRECTION('center_axis',(0.,0.,-1.));
#2325=DIRECTION('ref_axis',(-1.,0.,0.));
#2326=DIRECTION('center_axis',(0.,0.,1.));
#2327=DIRECTION('ref_axis',(-1.,0.,0.));
#2328=DIRECTION('center_axis',(0.,0.,-1.));
#2329=DIRECTION('ref_axis',(-1.,0.,0.));
#2330=DIRECTION('center_axis',(0.,0.,1.));
#2331=DIRECTION('ref_axis',(-1.,0.,0.));
#2332=DIRECTION('center_axis',(0.,0.,1.));
#2333=DIRECTION('ref_axis',(-1.,0.,0.));
#2334=DIRECTION('',(0.,0.,-1.));
#2335=DIRECTION('center_axis',(0.,0.,-1.));
#2336=DIRECTION('ref_axis',(-1.,0.,0.));
#2337=DIRECTION('center_axis',(0.,0.,1.));
#2338=DIRECTION('ref_axis',(-1.,0.,0.));
#2339=DIRECTION('center_axis',(0.,0.,-1.));
#2340=DIRECTION('ref_axis',(-1.,0.,0.));
#2341=DIRECTION('center_axis',(0.,0.,1.));
#2342=DIRECTION('ref_axis',(-1.,0.,0.));
#2343=DIRECTION('center_axis',(0.,0.,1.));
#2344=DIRECTION('ref_axis',(-1.,0.,0.));
#2345=DIRECTION('',(0.,0.,-1.));
#2346=DIRECTION('center_axis',(0.,0.,-1.));
#2347=DIRECTION('ref_axis',(-1.,0.,0.));
#2348=DIRECTION('center_axis',(0.,0.,1.));
#2349=DIRECTION('ref_axis',(-1.,0.,0.));
#2350=DIRECTION('center_axis',(0.,0.,-1.));
#2351=DIRECTION('ref_axis',(-1.,0.,0.));
#2352=DIRECTION('center_axis',(0.,0.,1.));
#2353=DIRECTION('ref_axis',(-1.,0.,0.));
#2354=DIRECTION('center_axis',(0.,0.,1.));
#2355=DIRECTION('ref_axis',(-1.,0.,0.));
#2356=DIRECTION('',(0.,0.,-1.));
#2357=DIRECTION('center_axis',(0.,0.,-1.));
#2358=DIRECTION('ref_axis',(-1.,0.,0.));
#2359=DIRECTION('center_axis',(0.,0.,1.));
#2360=DIRECTION('ref_axis',(-1.,0.,0.));
#2361=DIRECTION('center_axis',(0.,0.,-1.));
#2362=DIRECTION('ref_axis',(-1.,0.,0.));
#2363=DIRECTION('center_axis',(0.,0.,-1.));
#2364=DIRECTION('ref_axis',(-1.,0.,0.));
#2365=DIRECTION('',(0.,0.,-1.));
#2366=DIRECTION('center_axis',(0.,0.,-1.));
#2367=DIRECTION('ref_axis',(-1.,0.,0.));
#2368=DIRECTION('center_axis',(0.,0.,1.));
#2369=DIRECTION('ref_axis',(-1.,0.,0.));
#2370=DIRECTION('center_axis',(0.,0.,-1.));
#2371=DIRECTION('ref_axis',(-1.,0.,0.));
#2372=DIRECTION('',(0.,0.,-1.));
#2373=DIRECTION('center_axis',(0.,0.,-1.));
#2374=DIRECTION('ref_axis',(-1.,0.,0.));
#2375=DIRECTION('center_axis',(0.,0.,1.));
#2376=DIRECTION('ref_axis',(-1.,0.,0.));
#2377=DIRECTION('center_axis',(0.,0.,-1.));
#2378=DIRECTION('ref_axis',(-1.,0.,0.));
#2379=DIRECTION('',(0.,0.,-1.));
#2380=DIRECTION('center_axis',(0.,0.,-1.));
#2381=DIRECTION('ref_axis',(-1.,0.,0.));
#2382=DIRECTION('center_axis',(0.,0.,1.));
#2383=DIRECTION('ref_axis',(-1.,0.,0.));
#2384=DIRECTION('center_axis',(0.,0.,-1.));
#2385=DIRECTION('ref_axis',(-1.,0.,0.));
#2386=DIRECTION('',(0.,0.,-1.));
#2387=DIRECTION('center_axis',(0.,0.,-1.));
#2388=DIRECTION('ref_axis',(-1.,0.,0.));
#2389=DIRECTION('center_axis',(0.,0.,1.));
#2390=DIRECTION('ref_axis',(-1.,0.,0.));
#2391=DIRECTION('center_axis',(0.,1.,0.));
#2392=DIRECTION('ref_axis',(0.,0.,1.));
#2393=DIRECTION('',(0.,0.,1.));
#2394=DIRECTION('',(1.,0.,0.));
#2395=DIRECTION('',(0.,0.,-1.));
#2396=DIRECTION('',(1.,0.,0.));
#2397=DIRECTION('center_axis',(0.,0.,-1.));
#2398=DIRECTION('ref_axis',(0.,1.,0.));
#2399=DIRECTION('',(-1.28721510101467E-16,1.,0.));
#2400=DIRECTION('',(1.,0.,0.));
#2401=DIRECTION('',(1.28721510101467E-16,-1.,0.));
#2402=DIRECTION('center_axis',(0.,-1.,0.));
#2403=DIRECTION('ref_axis',(0.,0.,-1.));
#2404=DIRECTION('',(0.,0.,-1.));
#2405=DIRECTION('',(1.,0.,0.));
#2406=DIRECTION('',(0.,0.,1.));
#2407=DIRECTION('center_axis',(0.,0.,1.));
#2408=DIRECTION('ref_axis',(0.,-1.,0.));
#2409=DIRECTION('',(1.28721510101467E-16,-1.,0.));
#2410=DIRECTION('',(1.,0.,0.));
#2411=DIRECTION('',(-1.28721510101467E-16,1.,0.));
#2412=DIRECTION('center_axis',(0.,1.,0.));
#2413=DIRECTION('ref_axis',(0.,0.,1.));
#2414=DIRECTION('',(0.,0.,1.));
#2415=DIRECTION('',(1.,0.,0.));
#2416=DIRECTION('',(0.,0.,-1.));
#2417=DIRECTION('center_axis',(0.,0.,1.));
#2418=DIRECTION('ref_axis',(0.,-1.,0.));
#2419=DIRECTION('',(1.28721510101467E-16,-1.,0.));
#2420=DIRECTION('',(-1.28721510101467E-16,1.,0.));
#2421=DIRECTION('center_axis',(-1.,0.,0.));
#2422=DIRECTION('ref_axis',(0.,0.,1.));
#2423=DIRECTION('',(0.,-1.,0.));
#2424=DIRECTION('',(0.,0.,1.));
#2425=DIRECTION('',(0.,-1.,0.));
#2426=DIRECTION('',(0.,0.,-1.));
#2427=DIRECTION('center_axis',(0.,1.,0.));
#2428=DIRECTION('ref_axis',(0.,0.,-1.));
#2429=DIRECTION('',(0.,0.,-1.));
#2430=DIRECTION('',(-1.,0.,0.));
#2431=DIRECTION('',(0.,0.,1.));
#2432=DIRECTION('',(-1.,0.,0.));
#2433=DIRECTION('center_axis',(0.,0.,1.));
#2434=DIRECTION('ref_axis',(0.,1.,0.));
#2435=DIRECTION('',(0.,1.,0.));
#2436=DIRECTION('',(-1.,0.,0.));
#2437=DIRECTION('',(0.,-1.,0.));
#2438=DIRECTION('center_axis',(0.,-1.,0.));
#2439=DIRECTION('ref_axis',(0.,0.,1.));
#2440=DIRECTION('',(0.,0.,1.));
#2441=DIRECTION('',(-1.,0.,0.));
#2442=DIRECTION('',(0.,0.,-1.));
#2443=DIRECTION('center_axis',(0.,0.,-1.));
#2444=DIRECTION('ref_axis',(0.,-1.,0.));
#2445=DIRECTION('',(0.,-1.,0.));
#2446=DIRECTION('center_axis',(0.,-1.,0.));
#2447=DIRECTION('ref_axis',(4.85722573273506E-17,0.,-1.));
#2448=DIRECTION('',(0.,-1.,0.));
#2449=DIRECTION('center_axis',(0.,1.,0.));
#2450=DIRECTION('ref_axis',(4.85722573273506E-17,0.,-1.));
#2451=DIRECTION('center_axis',(0.,1.,0.));
#2452=DIRECTION('ref_axis',(4.85722573273506E-17,0.,-1.));
#2453=DIRECTION('center_axis',(0.,-1.,0.));
#2454=DIRECTION('ref_axis',(4.85722573273506E-17,0.,-1.));
#2455=DIRECTION('',(0.,-1.,0.));
#2456=DIRECTION('center_axis',(0.,1.,0.));
#2457=DIRECTION('ref_axis',(4.85722573273506E-17,0.,-1.));
#2458=DIRECTION('center_axis',(0.,1.,0.));
#2459=DIRECTION('ref_axis',(4.85722573273506E-17,0.,-1.));
#2460=DIRECTION('center_axis',(0.,-1.,0.));
#2461=DIRECTION('ref_axis',(0.,0.,-1.));
#2462=DIRECTION('',(0.,-1.,0.));
#2463=DIRECTION('center_axis',(0.,1.,0.));
#2464=DIRECTION('ref_axis',(0.,0.,-1.));
#2465=DIRECTION('center_axis',(0.,1.,0.));
#2466=DIRECTION('ref_axis',(0.,0.,-1.));
#2467=DIRECTION('center_axis',(0.,-1.,0.));
#2468=DIRECTION('ref_axis',(0.,0.,-1.));
#2469=DIRECTION('',(0.,-1.,0.));
#2470=DIRECTION('center_axis',(0.,1.,0.));
#2471=DIRECTION('ref_axis',(0.,0.,-1.));
#2472=DIRECTION('center_axis',(0.,1.,0.));
#2473=DIRECTION('ref_axis',(0.,0.,-1.));
#2474=DIRECTION('center_axis',(0.,-1.,0.));
#2475=DIRECTION('ref_axis',(4.85722573273506E-17,0.,-1.));
#2476=DIRECTION('',(0.,-1.,0.));
#2477=DIRECTION('center_axis',(0.,1.,0.));
#2478=DIRECTION('ref_axis',(4.85722573273506E-17,0.,-1.));
#2479=DIRECTION('center_axis',(0.,1.,0.));
#2480=DIRECTION('ref_axis',(4.85722573273506E-17,0.,-1.));
#2481=DIRECTION('center_axis',(0.,-1.,0.));
#2482=DIRECTION('ref_axis',(4.85722573273506E-17,0.,-1.));
#2483=DIRECTION('',(0.,-1.,0.));
#2484=DIRECTION('center_axis',(0.,1.,0.));
#2485=DIRECTION('ref_axis',(4.85722573273506E-17,0.,-1.));
#2486=DIRECTION('center_axis',(0.,1.,0.));
#2487=DIRECTION('ref_axis',(4.85722573273506E-17,0.,-1.));
#2488=DIRECTION('center_axis',(0.,-1.,0.));
#2489=DIRECTION('ref_axis',(0.,0.,-1.));
#2490=DIRECTION('',(0.,-1.,0.));
#2491=DIRECTION('center_axis',(0.,1.,0.));
#2492=DIRECTION('ref_axis',(0.,0.,-1.));
#2493=DIRECTION('center_axis',(0.,1.,0.));
#2494=DIRECTION('ref_axis',(0.,0.,-1.));
#2495=DIRECTION('center_axis',(0.,-1.,0.));
#2496=DIRECTION('ref_axis',(0.,0.,-1.));
#2497=DIRECTION('',(0.,-1.,0.));
#2498=DIRECTION('center_axis',(0.,1.,0.));
#2499=DIRECTION('ref_axis',(0.,0.,-1.));
#2500=DIRECTION('center_axis',(0.,1.,0.));
#2501=DIRECTION('ref_axis',(0.,0.,-1.));
#2502=DIRECTION('center_axis',(0.,-1.,0.));
#2503=DIRECTION('ref_axis',(0.,0.,-1.));
#2504=DIRECTION('',(0.,-1.,0.));
#2505=DIRECTION('center_axis',(0.,1.,0.));
#2506=DIRECTION('ref_axis',(0.,0.,-1.));
#2507=DIRECTION('center_axis',(0.,1.,0.));
#2508=DIRECTION('ref_axis',(0.,0.,-1.));
#2509=DIRECTION('center_axis',(0.,-1.,0.));
#2510=DIRECTION('ref_axis',(0.,0.,-1.));
#2511=DIRECTION('',(0.,-1.,0.));
#2512=DIRECTION('center_axis',(0.,1.,0.));
#2513=DIRECTION('ref_axis',(0.,0.,-1.));
#2514=DIRECTION('center_axis',(0.,1.,0.));
#2515=DIRECTION('ref_axis',(0.,0.,-1.));
#2516=DIRECTION('center_axis',(0.,-1.,0.));
#2517=DIRECTION('ref_axis',(0.,0.,-1.));
#2518=DIRECTION('',(0.,-1.,0.));
#2519=DIRECTION('center_axis',(0.,1.,0.));
#2520=DIRECTION('ref_axis',(0.,0.,-1.));
#2521=DIRECTION('center_axis',(0.,1.,0.));
#2522=DIRECTION('ref_axis',(0.,0.,-1.));
#2523=DIRECTION('center_axis',(0.,-1.,0.));
#2524=DIRECTION('ref_axis',(0.,0.,-1.));
#2525=DIRECTION('',(0.,-1.,0.));
#2526=DIRECTION('center_axis',(0.,1.,0.));
#2527=DIRECTION('ref_axis',(0.,0.,-1.));
#2528=DIRECTION('center_axis',(0.,1.,0.));
#2529=DIRECTION('ref_axis',(0.,0.,-1.));
#2530=DIRECTION('center_axis',(0.,-1.,0.));
#2531=DIRECTION('ref_axis',(0.,0.,-1.));
#2532=DIRECTION('',(0.,-1.,0.));
#2533=DIRECTION('center_axis',(0.,1.,0.));
#2534=DIRECTION('ref_axis',(0.,0.,-1.));
#2535=DIRECTION('center_axis',(0.,1.,0.));
#2536=DIRECTION('ref_axis',(0.,0.,-1.));
#2537=DIRECTION('center_axis',(0.,-1.,0.));
#2538=DIRECTION('ref_axis',(0.,0.,-1.));
#2539=DIRECTION('',(0.,-1.,0.));
#2540=DIRECTION('center_axis',(0.,1.,0.));
#2541=DIRECTION('ref_axis',(0.,0.,-1.));
#2542=DIRECTION('center_axis',(0.,1.,0.));
#2543=DIRECTION('ref_axis',(0.,0.,-1.));
#2544=DIRECTION('center_axis',(0.,-1.,0.));
#2545=DIRECTION('ref_axis',(0.,0.,-1.));
#2546=DIRECTION('',(0.,-1.,0.));
#2547=DIRECTION('center_axis',(0.,1.,0.));
#2548=DIRECTION('ref_axis',(0.,0.,-1.));
#2549=DIRECTION('center_axis',(0.,1.,0.));
#2550=DIRECTION('ref_axis',(0.,0.,-1.));
#2551=DIRECTION('center_axis',(0.,-1.,0.));
#2552=DIRECTION('ref_axis',(0.,0.,-1.));
#2553=DIRECTION('',(0.,-1.,0.));
#2554=DIRECTION('center_axis',(0.,1.,0.));
#2555=DIRECTION('ref_axis',(0.,0.,-1.));
#2556=DIRECTION('center_axis',(0.,1.,0.));
#2557=DIRECTION('ref_axis',(0.,0.,-1.));
#2558=DIRECTION('center_axis',(0.,1.,0.));
#2559=DIRECTION('ref_axis',(-1.,0.,0.));
#2560=DIRECTION('',(0.,0.,1.));
#2561=DIRECTION('',(1.,0.,0.));
#2562=DIRECTION('',(0.,0.,1.));
#2563=DIRECTION('',(1.,0.,0.));
#2564=DIRECTION('',(1.,0.,0.));
#2565=DIRECTION('',(1.,0.,0.));
#2566=DIRECTION('',(1.,0.,0.));
#2567=DIRECTION('',(1.,0.,0.));
#2568=DIRECTION('',(1.,0.,0.));
#2569=DIRECTION('',(1.,0.,0.));
#2570=DIRECTION('',(1.,0.,0.));
#2571=DIRECTION('',(1.,0.,0.));
#2572=DIRECTION('',(1.,0.,0.));
#2573=DIRECTION('',(1.,0.,0.));
#2574=DIRECTION('',(1.,0.,0.));
#2575=DIRECTION('',(1.,0.,0.));
#2576=DIRECTION('',(1.,0.,0.));
#2577=DIRECTION('',(1.,0.,0.));
#2578=DIRECTION('',(1.,0.,0.));
#2579=DIRECTION('',(1.,0.,0.));
#2580=DIRECTION('center_axis',(0.,0.,-1.));
#2581=DIRECTION('ref_axis',(-1.,0.,0.));
#2582=DIRECTION('center_axis',(0.,0.,-1.));
#2583=DIRECTION('ref_axis',(-1.,0.,0.));
#2584=DIRECTION('',(0.,0.,-1.));
#2585=DIRECTION('center_axis',(0.,0.,-1.));
#2586=DIRECTION('ref_axis',(-1.,0.,0.));
#2587=DIRECTION('center_axis',(0.,0.,1.));
#2588=DIRECTION('ref_axis',(-1.,0.,0.));
#2589=DIRECTION('center_axis',(0.,0.,-1.));
#2590=DIRECTION('ref_axis',(-1.,0.,0.));
#2591=DIRECTION('center_axis',(0.,0.,-1.));
#2592=DIRECTION('ref_axis',(-1.,0.,0.));
#2593=DIRECTION('',(0.,0.,-1.));
#2594=DIRECTION('center_axis',(0.,0.,-1.));
#2595=DIRECTION('ref_axis',(-1.,0.,0.));
#2596=DIRECTION('center_axis',(0.,0.,1.));
#2597=DIRECTION('ref_axis',(-1.,0.,0.));
#2598=DIRECTION('center_axis',(0.,0.,-1.));
#2599=DIRECTION('ref_axis',(-1.,0.,0.));
#2600=DIRECTION('center_axis',(0.,0.,-1.));
#2601=DIRECTION('ref_axis',(-1.,0.,0.));
#2602=DIRECTION('',(0.,0.,-1.));
#2603=DIRECTION('center_axis',(0.,0.,-1.));
#2604=DIRECTION('ref_axis',(-1.,0.,0.));
#2605=DIRECTION('center_axis',(0.,0.,1.));
#2606=DIRECTION('ref_axis',(-1.,0.,0.));
#2607=DIRECTION('center_axis',(0.,0.,-1.));
#2608=DIRECTION('ref_axis',(-1.,0.,0.));
#2609=DIRECTION('center_axis',(0.,0.,-1.));
#2610=DIRECTION('ref_axis',(-1.,0.,0.));
#2611=DIRECTION('',(0.,0.,-1.));
#2612=DIRECTION('center_axis',(0.,0.,-1.));
#2613=DIRECTION('ref_axis',(-1.,0.,0.));
#2614=DIRECTION('center_axis',(0.,0.,1.));
#2615=DIRECTION('ref_axis',(-1.,0.,0.));
#2616=DIRECTION('center_axis',(0.,0.,1.));
#2617=DIRECTION('ref_axis',(-1.,0.,0.));
#2618=DIRECTION('',(0.,0.,1.));
#2619=DIRECTION('center_axis',(0.,0.,-1.));
#2620=DIRECTION('ref_axis',(-1.,0.,0.));
#2621=DIRECTION('',(0.,0.,1.));
#2622=DIRECTION('center_axis',(0.,0.,1.));
#2623=DIRECTION('ref_axis',(-1.,0.,0.));
#2624=DIRECTION('center_axis',(0.,0.,1.));
#2625=DIRECTION('ref_axis',(0.707106781186547,0.707106781186548,0.));
#2626=DIRECTION('center_axis',(0.,0.,1.));
#2627=DIRECTION('ref_axis',(-1.,0.,0.));
#2628=DIRECTION('center_axis',(0.,0.,-1.));
#2629=DIRECTION('ref_axis',(-1.,0.,0.));
#2630=DIRECTION('center_axis',(0.,0.,1.));
#2631=DIRECTION('ref_axis',(-1.,0.,0.));
#2632=DIRECTION('center_axis',(-1.,-1.28721510101467E-16,0.));
#2633=DIRECTION('ref_axis',(1.28721510101467E-16,-1.,0.));
#2634=DIRECTION('',(0.,0.,1.));
#2635=DIRECTION('',(-1.28721510101467E-16,1.,0.));
#2636=DIRECTION('',(0.,0.,1.));
#2637=DIRECTION('',(-1.28721510101467E-16,1.,0.));
#2638=DIRECTION('center_axis',(0.,0.,1.));
#2639=DIRECTION('ref_axis',(1.,0.,0.));
#2640=DIRECTION('',(-1.28721510101467E-16,1.,0.));
#2641=DIRECTION('center_axis',(0.,0.,-1.));
#2642=DIRECTION('ref_axis',(-1.,-1.77635683940025E-15,0.));
#2643=DIRECTION('',(-1.,0.,0.));
#2644=DIRECTION('center_axis',(0.,0.,1.));
#2645=DIRECTION('ref_axis',(1.,0.,0.));
#2646=DIRECTION('',(-1.,0.,0.));
#2647=DIRECTION('center_axis',(0.,0.,-1.));
#2648=DIRECTION('ref_axis',(-1.,0.,0.));
#2649=DIRECTION('',(0.,-1.,0.));
#2650=DIRECTION('',(0.,-1.,0.));
#2651=DIRECTION('center_axis',(0.,0.,-1.));
#2652=DIRECTION('ref_axis',(-1.,0.,0.));
#2653=DIRECTION('center_axis',(0.,0.,-1.));
#2654=DIRECTION('ref_axis',(-1.,0.,0.));
#2655=DIRECTION('center_axis',(0.,-1.,0.));
#2656=DIRECTION('ref_axis',(1.,0.,0.));
#2657=DIRECTION('',(0.,0.,1.));
#2658=DIRECTION('',(0.,0.,1.));
#2659=DIRECTION('',(-1.,0.,0.));
#2660=DIRECTION('center_axis',(0.,0.,1.));
#2661=DIRECTION('ref_axis',(-1.,0.,0.));
#2662=DIRECTION('',(0.,0.,1.));
#2663=DIRECTION('center_axis',(0.,0.,-1.));
#2664=DIRECTION('ref_axis',(-1.,0.,0.));
#2665=DIRECTION('',(0.,0.,1.));
#2666=DIRECTION('center_axis',(0.,0.,1.));
#2667=DIRECTION('ref_axis',(-1.,0.,0.));
#2668=DIRECTION('center_axis',(0.,0.,1.));
#2669=DIRECTION('ref_axis',(-1.,0.,0.));
#2670=DIRECTION('center_axis',(0.,0.,1.));
#2671=DIRECTION('ref_axis',(-1.,0.,0.));
#2672=DIRECTION('center_axis',(0.,0.,1.));
#2673=DIRECTION('ref_axis',(-1.,0.,0.));
#2674=DIRECTION('center_axis',(0.,-1.,0.));
#2675=DIRECTION('ref_axis',(1.,0.,0.));
#2676=DIRECTION('',(-1.,0.,0.));
#2677=DIRECTION('',(0.,0.,1.));
#2678=DIRECTION('',(0.,0.,1.));
#2679=DIRECTION('',(-1.,0.,0.));
#2680=DIRECTION('',(0.,0.,-1.));
#2681=DIRECTION('',(1.,0.,0.));
#2682=DIRECTION('center_axis',(0.,0.,1.));
#2683=DIRECTION('ref_axis',(1.,0.,0.));
#2684=DIRECTION('',(-1.,0.,0.));
#2685=DIRECTION('center_axis',(0.,0.,-1.));
#2686=DIRECTION('ref_axis',(0.,-1.,0.));
#2687=DIRECTION('',(0.,-1.,0.));
#2688=DIRECTION('center_axis',(1.,0.,0.));
#2689=DIRECTION('ref_axis',(0.,1.,0.));
#2690=DIRECTION('',(0.,0.,1.));
#2691=DIRECTION('',(0.,0.,1.));
#2692=DIRECTION('',(0.,-1.,0.));
#2693=DIRECTION('center_axis',(0.,0.,1.));
#2694=DIRECTION('ref_axis',(-1.,0.,0.));
#2695=DIRECTION('',(0.,0.,1.));
#2696=DIRECTION('center_axis',(0.,0.,-1.));
#2697=DIRECTION('ref_axis',(-1.,0.,0.));
#2698=DIRECTION('',(0.,0.,1.));
#2699=DIRECTION('center_axis',(0.,0.,1.));
#2700=DIRECTION('ref_axis',(-1.,0.,0.));
#2701=DIRECTION('center_axis',(0.,0.,1.));
#2702=DIRECTION('ref_axis',(-1.,0.,0.));
#2703=DIRECTION('center_axis',(0.,0.,1.));
#2704=DIRECTION('ref_axis',(-1.,0.,0.));
#2705=DIRECTION('center_axis',(0.,0.,1.));
#2706=DIRECTION('ref_axis',(-1.,0.,0.));
#2707=DIRECTION('center_axis',(1.,0.,0.));
#2708=DIRECTION('ref_axis',(0.,1.,0.));
#2709=DIRECTION('',(0.,-1.,0.));
#2710=DIRECTION('',(0.,0.,1.));
#2711=DIRECTION('center_axis',(0.,0.,1.));
#2712=DIRECTION('ref_axis',(1.,0.,0.));
#2713=DIRECTION('',(0.,-1.,0.));
#2714=DIRECTION('center_axis',(0.,0.,-1.));
#2715=DIRECTION('ref_axis',(1.,0.,0.));
#2716=DIRECTION('',(1.,0.,0.));
#2717=DIRECTION('center_axis',(0.,1.,0.));
#2718=DIRECTION('ref_axis',(-1.,0.,0.));
#2719=DIRECTION('',(0.,0.,1.));
#2720=DIRECTION('',(1.,0.,0.));
#2721=DIRECTION('center_axis',(0.,0.,1.));
#2722=DIRECTION('ref_axis',(-1.,0.,0.));
#2723=DIRECTION('',(0.,0.,1.));
#2724=DIRECTION('center_axis',(0.,0.,-1.));
#2725=DIRECTION('ref_axis',(-1.,0.,0.));
#2726=DIRECTION('',(0.,0.,1.));
#2727=DIRECTION('center_axis',(0.,0.,1.));
#2728=DIRECTION('ref_axis',(-1.,0.,0.));
#2729=DIRECTION('center_axis',(0.,0.,1.));
#2730=DIRECTION('ref_axis',(0.707106781186548,-0.707106781186547,0.));
#2731=DIRECTION('center_axis',(0.,0.,1.));
#2732=DIRECTION('ref_axis',(-1.,0.,0.));
#2733=DIRECTION('center_axis',(0.,0.,1.));
#2734=DIRECTION('ref_axis',(-1.,0.,0.));
#2735=DIRECTION('center_axis',(0.,0.,1.));
#2736=DIRECTION('ref_axis',(1.,0.,0.));
#2737=DIRECTION('',(1.,0.,0.));
#2738=DIRECTION('center_axis',(0.,0.,-1.));
#2739=DIRECTION('ref_axis',(0.,1.,0.));
#2740=DIRECTION('',(-1.28721510101467E-16,1.,0.));
#2741=DIRECTION('center_axis',(-1.,-1.28721510101467E-16,0.));
#2742=DIRECTION('ref_axis',(1.28721510101467E-16,-1.,0.));
#2743=DIRECTION('',(0.,0.,1.));
#2744=DIRECTION('',(-1.28721510101467E-16,1.,0.));
#2745=DIRECTION('center_axis',(1.,0.,0.));
#2746=DIRECTION('ref_axis',(0.,0.,-1.));
#2747=DIRECTION('',(0.,0.,-1.));
#2748=DIRECTION('',(0.,1.,0.));
#2749=DIRECTION('',(0.,0.,-1.));
#2750=DIRECTION('',(0.,1.,0.));
#2751=DIRECTION('center_axis',(0.,0.,1.));
#2752=DIRECTION('ref_axis',(1.,0.,0.));
#2753=DIRECTION('',(1.,0.,0.));
#2754=DIRECTION('',(0.,1.,0.));
#2755=DIRECTION('',(1.,0.,0.));
#2756=DIRECTION('center_axis',(-1.,0.,0.));
#2757=DIRECTION('ref_axis',(0.,0.,1.));
#2758=DIRECTION('',(0.,0.,1.));
#2759=DIRECTION('',(0.,1.,0.));
#2760=DIRECTION('',(0.,0.,1.));
#2761=DIRECTION('center_axis',(0.,0.,-1.));
#2762=DIRECTION('ref_axis',(-1.,0.,0.));
#2763=DIRECTION('',(-1.,0.,0.));
#2764=DIRECTION('',(-1.,0.,0.));
#2765=DIRECTION('center_axis',(0.,-1.,0.));
#2766=DIRECTION('ref_axis',(1.,0.,0.));
#2767=DIRECTION('center_axis',(0.,-1.,0.));
#2768=DIRECTION('ref_axis',(1.,0.,0.));
#2769=DIRECTION('center_axis',(0.,-1.,0.));
#2770=DIRECTION('ref_axis',(1.,0.,0.));
#2771=DIRECTION('center_axis',(0.,-1.,0.));
#2772=DIRECTION('ref_axis',(1.,0.,0.));
#2773=DIRECTION('center_axis',(0.,-1.,0.));
#2774=DIRECTION('ref_axis',(1.,0.,0.));
#2775=DIRECTION('center_axis',(0.,-1.,0.));
#2776=DIRECTION('ref_axis',(1.,0.,0.));
#2777=DIRECTION('center_axis',(0.,-1.,0.));
#2778=DIRECTION('ref_axis',(1.,0.,0.));
#2779=DIRECTION('center_axis',(0.,-1.,0.));
#2780=DIRECTION('ref_axis',(1.,0.,0.));
#2781=DIRECTION('center_axis',(0.,-1.,0.));
#2782=DIRECTION('ref_axis',(1.,0.,0.));
#2783=DIRECTION('center_axis',(1.,0.,0.));
#2784=DIRECTION('ref_axis',(0.,0.,-1.));
#2785=DIRECTION('',(0.,1.,0.));
#2786=DIRECTION('',(0.,0.,-1.));
#2787=DIRECTION('',(0.,1.,0.));
#2788=DIRECTION('center_axis',(0.,0.,1.));
#2789=DIRECTION('ref_axis',(1.,0.,0.));
#2790=DIRECTION('',(1.,0.,0.));
#2791=DIRECTION('',(0.,1.,0.));
#2792=DIRECTION('center_axis',(-1.,0.,0.));
#2793=DIRECTION('ref_axis',(0.,0.,1.));
#2794=DIRECTION('',(0.,0.,1.));
#2795=DIRECTION('',(0.,1.,0.));
#2796=DIRECTION('center_axis',(0.,0.,-1.));
#2797=DIRECTION('ref_axis',(-1.,0.,0.));
#2798=DIRECTION('',(-1.,0.,0.));
#2799=DIRECTION('center_axis',(0.,1.,0.));
#2800=DIRECTION('ref_axis',(-1.,0.,0.));
#2801=DIRECTION('center_axis',(0.,-1.,0.));
#2802=DIRECTION('ref_axis',(-1.,0.,0.));
#2803=DIRECTION('center_axis',(0.,-1.,0.));
#2804=DIRECTION('ref_axis',(-1.,0.,0.));
#2805=DIRECTION('center_axis',(0.,-1.,0.));
#2806=DIRECTION('ref_axis',(-1.,0.,0.));
#2807=DIRECTION('center_axis',(0.,-1.,0.));
#2808=DIRECTION('ref_axis',(-1.,0.,0.));
#2809=DIRECTION('center_axis',(0.,-1.,0.));
#2810=DIRECTION('ref_axis',(-1.,0.,0.));
#2811=DIRECTION('center_axis',(0.,-1.,0.));
#2812=DIRECTION('ref_axis',(-1.,0.,0.));
#2813=DIRECTION('center_axis',(0.,-1.,0.));
#2814=DIRECTION('ref_axis',(-1.,0.,0.));
#2815=DIRECTION('center_axis',(0.,-1.,0.));
#2816=DIRECTION('ref_axis',(-1.,0.,0.));
#2817=DIRECTION('center_axis',(0.,1.,0.));
#2818=DIRECTION('ref_axis',(1.,0.,0.));
#2819=DIRECTION('',(0.,1.,0.));
#2820=DIRECTION('center_axis',(0.,1.,0.));
#2821=DIRECTION('ref_axis',(1.,0.,0.));
#2822=DIRECTION('',(0.,1.,0.));
#2823=DIRECTION('center_axis',(0.,1.,0.));
#2824=DIRECTION('ref_axis',(1.,0.,0.));
#2825=DIRECTION('',(0.,1.,0.));
#2826=DIRECTION('center_axis',(0.,1.,0.));
#2827=DIRECTION('ref_axis',(1.,0.,0.));
#2828=DIRECTION('',(0.,1.,0.));
#2829=DIRECTION('center_axis',(0.,1.,0.));
#2830=DIRECTION('ref_axis',(1.,0.,0.));
#2831=DIRECTION('',(0.,1.,0.));
#2832=DIRECTION('center_axis',(0.,1.,0.));
#2833=DIRECTION('ref_axis',(1.,0.,0.));
#2834=DIRECTION('',(0.,1.,0.));
#2835=DIRECTION('center_axis',(0.,1.,0.));
#2836=DIRECTION('ref_axis',(1.,0.,0.));
#2837=DIRECTION('',(0.,1.,0.));
#2838=DIRECTION('center_axis',(0.,1.,0.));
#2839=DIRECTION('ref_axis',(1.,0.,0.));
#2840=DIRECTION('',(0.,1.,0.));
#2841=DIRECTION('center_axis',(0.,1.,0.));
#2842=DIRECTION('ref_axis',(-1.,0.,0.));
#2843=DIRECTION('',(1.,0.,0.));
#2844=DIRECTION('',(0.,0.,1.));
#2845=DIRECTION('center_axis',(0.,0.,1.));
#2846=DIRECTION('ref_axis',(1.,0.,0.));
#2847=DIRECTION('',(0.,0.,1.));
#2848=DIRECTION('center_axis',(0.,0.,-1.));
#2849=DIRECTION('ref_axis',(1.,0.,0.));
#2850=DIRECTION('center_axis',(1.,0.,0.));
#2851=DIRECTION('ref_axis',(0.,1.,0.));
#2852=DIRECTION('',(0.,-1.,0.));
#2853=DIRECTION('center_axis',(0.,0.,1.));
#2854=DIRECTION('ref_axis',(0.,-1.,0.));
#2855=DIRECTION('',(0.,0.,1.));
#2856=DIRECTION('center_axis',(0.,0.,-1.));
#2857=DIRECTION('ref_axis',(0.,-1.,0.));
#2858=DIRECTION('center_axis',(0.,-1.,0.));
#2859=DIRECTION('ref_axis',(1.,0.,0.));
#2860=DIRECTION('',(-1.,0.,0.));
#2861=DIRECTION('center_axis',(0.,0.,1.));
#2862=DIRECTION('ref_axis',(-1.,-1.77635683940025E-15,0.));
#2863=DIRECTION('',(0.,0.,1.));
#2864=DIRECTION('center_axis',(0.,0.,-1.));
#2865=DIRECTION('ref_axis',(-1.,-1.77635683940025E-15,0.));
#2866=DIRECTION('center_axis',(-1.,-1.28721510101467E-16,0.));
#2867=DIRECTION('ref_axis',(1.28721510101467E-16,-1.,0.));
#2868=DIRECTION('',(-1.28721510101467E-16,1.,0.));
#2869=DIRECTION('center_axis',(0.,0.,1.));
#2870=DIRECTION('ref_axis',(0.,1.,0.));
#2871=DIRECTION('center_axis',(0.,0.,-1.));
#2872=DIRECTION('ref_axis',(0.,1.,0.));
#2873=DIRECTION('center_axis',(0.,1.,0.));
#2874=DIRECTION('ref_axis',(-1.,0.,0.));
#2875=DIRECTION('',(1.,0.,0.));
#2876=DIRECTION('',(0.,0.,1.));
#2877=DIRECTION('',(-1.,0.,0.));
#2878=DIRECTION('',(0.,0.,1.));
#2879=DIRECTION('center_axis',(0.,0.,1.));
#2880=DIRECTION('ref_axis',(1.,0.,0.));
#2881=DIRECTION('center_axis',(0.,0.,1.));
#2882=DIRECTION('ref_axis',(1.,0.,0.));
#2883=DIRECTION('center_axis',(0.,0.,1.));
#2884=DIRECTION('ref_axis',(1.,0.,0.));
#2885=DIRECTION('',(0.,0.,1.));
#2886=DIRECTION('center_axis',(1.,0.,0.));
#2887=DIRECTION('ref_axis',(0.,1.,0.));
#2888=DIRECTION('',(0.,-1.,0.));
#2889=DIRECTION('',(0.,1.,0.));
#2890=DIRECTION('',(0.,0.,1.));
#2891=DIRECTION('center_axis',(0.,0.,1.));
#2892=DIRECTION('ref_axis',(0.,-1.,0.));
#2893=DIRECTION('center_axis',(0.,0.,1.));
#2894=DIRECTION('ref_axis',(0.,-1.,0.));
#2895=DIRECTION('center_axis',(0.,0.,1.));
#2896=DIRECTION('ref_axis',(0.,-1.,0.));
#2897=DIRECTION('',(0.,0.,1.));
#2898=DIRECTION('center_axis',(0.,-1.,0.));
#2899=DIRECTION('ref_axis',(1.,0.,0.));
#2900=DIRECTION('',(-1.,0.,0.));
#2901=DIRECTION('',(1.,0.,0.));
#2902=DIRECTION('',(0.,0.,1.));
#2903=DIRECTION('center_axis',(0.,0.,1.));
#2904=DIRECTION('ref_axis',(-1.,-1.77635683940025E-15,0.));
#2905=DIRECTION('center_axis',(0.,0.,1.));
#2906=DIRECTION('ref_axis',(-1.,-1.77635683940025E-15,0.));
#2907=DIRECTION('center_axis',(0.,0.,1.));
#2908=DIRECTION('ref_axis',(-1.,-1.77635683940025E-15,0.));
#2909=DIRECTION('',(0.,0.,1.));
#2910=DIRECTION('center_axis',(-1.,-1.28721510101467E-16,0.));
#2911=DIRECTION('ref_axis',(1.28721510101467E-16,-1.,0.));
#2912=DIRECTION('',(-1.28721510101467E-16,1.,0.));
#2913=DIRECTION('',(1.28721510101467E-16,-1.,0.));
#2914=DIRECTION('',(0.,0.,1.));
#2915=DIRECTION('center_axis',(0.,0.,1.));
#2916=DIRECTION('ref_axis',(0.,1.,0.));
#2917=DIRECTION('center_axis',(0.,0.,1.));
#2918=DIRECTION('ref_axis',(0.,1.,0.));
#2919=DIRECTION('center_axis',(0.,0.,1.));
#2920=DIRECTION('ref_axis',(0.,1.,0.));
#2921=DIRECTION('center_axis',(0.,0.,1.));
#2922=DIRECTION('ref_axis',(1.,0.,0.));
#2923=DIRECTION('center_axis',(0.,0.,1.));
#2924=DIRECTION('ref_axis',(1.,0.,0.));
#2925=CARTESIAN_POINT('',(0.,0.,0.));
#2926=CARTESIAN_POINT('Origin',(24.0921101116663,30.4964780263523,2.));
#2927=CARTESIAN_POINT('',(27.0921101116663,30.4964780263523,5.));
#2928=CARTESIAN_POINT('Origin',(24.0921101116663,30.4964780263523,5.));
#2929=CARTESIAN_POINT('',(27.0921101116663,30.4964780263523,2.));
#2930=CARTESIAN_POINT('',(27.0921101116663,30.4964780263523,2.));
#2931=CARTESIAN_POINT('Origin',(24.0921101116663,30.4964780263523,2.));
#2932=CARTESIAN_POINT('Origin',(24.0921101116663,30.4964780263523,5.));
#2933=CARTESIAN_POINT('',(25.1925011443323,30.4962514484941,5.));
#2934=CARTESIAN_POINT('Origin',(24.0925011443323,30.4962514484941,5.));
#2935=CARTESIAN_POINT('Origin',(24.0921101116663,-18.5035219736477,2.));
#2936=CARTESIAN_POINT('',(27.0921101116663,-18.5035219736477,5.));
#2937=CARTESIAN_POINT('Origin',(24.0921101116663,-18.5035219736477,5.));
#2938=CARTESIAN_POINT('',(27.0921101116663,-18.5035219736477,2.));
#2939=CARTESIAN_POINT('',(27.0921101116663,-18.5035219736477,2.));
#2940=CARTESIAN_POINT('Origin',(24.0921101116663,-18.5035219736477,2.));
#2941=CARTESIAN_POINT('Origin',(24.0921101116663,-18.5035219736477,5.));
#2942=CARTESIAN_POINT('',(25.1921101116663,-18.5035219736477,5.));
#2943=CARTESIAN_POINT('Origin',(24.0921101116663,-18.5035219736477,5.));
#2944=CARTESIAN_POINT('Origin',(-34.0078898883337,30.4964780263523,2.));
#2945=CARTESIAN_POINT('',(-31.0078898883337,30.4964780263523,5.));
#2946=CARTESIAN_POINT('Origin',(-34.0078898883337,30.4964780263523,5.));
#2947=CARTESIAN_POINT('',(-31.0078898883337,30.4964780263523,2.));
#2948=CARTESIAN_POINT('',(-31.0078898883337,30.4964780263523,2.));
#2949=CARTESIAN_POINT('Origin',(-34.0078898883337,30.4964780263523,2.));
#2950=CARTESIAN_POINT('Origin',(-34.0078898883337,30.4964780263523,5.));
#2951=CARTESIAN_POINT('',(-32.9075016152696,30.4962514484941,5.));
#2952=CARTESIAN_POINT('Origin',(-34.0075016152696,30.4962514484941,5.));
#2953=CARTESIAN_POINT('Origin',(-34.0078898883337,-18.5035219736477,2.));
#2954=CARTESIAN_POINT('',(-31.0078898883337,-18.5035219736477,5.));
#2955=CARTESIAN_POINT('Origin',(-34.0078898883337,-18.5035219736477,5.));
#2956=CARTESIAN_POINT('',(-31.0078898883337,-18.5035219736477,2.));
#2957=CARTESIAN_POINT('',(-31.0078898883337,-18.5035219736477,2.));
#2958=CARTESIAN_POINT('Origin',(-34.0078898883337,-18.5035219736477,2.));
#2959=CARTESIAN_POINT('Origin',(-34.0078898883337,-18.5035219736477,5.));
#2960=CARTESIAN_POINT('',(-32.9075016152696,-18.503750878881,5.));
#2961=CARTESIAN_POINT('Origin',(-34.0075016152696,-18.503750878881,5.));
#2962=CARTESIAN_POINT('Origin',(24.0921101116663,-18.5035219736477,5.));
#2963=CARTESIAN_POINT('',(25.1921101116663,-18.5035219736477,1.));
#2964=CARTESIAN_POINT('',(25.1921101116663,-18.5035219736477,5.));
#2965=CARTESIAN_POINT('Origin',(24.0921101116663,-18.5035219736477,1.));
#2966=CARTESIAN_POINT('Origin',(24.0921101116663,-18.5035219736477,1.));
#2967=CARTESIAN_POINT('Origin',(24.0925011443323,30.4962514484941,5.));
#2968=CARTESIAN_POINT('',(25.1925011443323,30.4962514484941,1.));
#2969=CARTESIAN_POINT('',(25.1925011443323,30.4962514484941,5.));
#2970=CARTESIAN_POINT('Origin',(24.0925011443323,30.4962514484941,1.));
#2971=CARTESIAN_POINT('Origin',(24.0925011443323,30.4962514484941,1.));
#2972=CARTESIAN_POINT('Origin',(-34.0075016152696,-18.503750878881,5.));
#2973=CARTESIAN_POINT('',(-32.9075016152696,-18.503750878881,1.));
#2974=CARTESIAN_POINT('',(-32.9075016152696,-18.503750878881,5.));
#2975=CARTESIAN_POINT('Origin',(-34.0075016152696,-18.503750878881,1.));
#2976=CARTESIAN_POINT('Origin',(-34.0075016152696,-18.503750878881,1.));
#2977=CARTESIAN_POINT('Origin',(-34.0075016152696,30.4962514484941,5.));
#2978=CARTESIAN_POINT('',(-32.9075016152696,30.4962514484941,1.));
#2979=CARTESIAN_POINT('',(-32.9075016152696,30.4962514484941,5.));
#2980=CARTESIAN_POINT('Origin',(-34.0075016152696,30.4962514484941,1.));
#2981=CARTESIAN_POINT('Origin',(-34.0075016152696,30.4962514484941,1.));
#2982=CARTESIAN_POINT('Origin',(-47.2911374934385,12.1716810109372,3.18891082425097));
#2983=CARTESIAN_POINT('',(-47.2911374934385,12.1716810109372,3.18891082425097));
#2984=CARTESIAN_POINT('',(-47.2911374934385,12.1716810109372,5.71121792000288));
#2985=CARTESIAN_POINT('',(-47.2911374934385,12.1716810109372,1.59445541212548));
#2986=CARTESIAN_POINT('',(-45.2911374934385,12.1716810109372,3.18891082425097));
#2987=CARTESIAN_POINT('',(-47.2911374934385,12.1716810109372,3.18891082425097));
#2988=CARTESIAN_POINT('',(-45.2911374934385,12.1716810109372,5.71121792000288));
#2989=CARTESIAN_POINT('',(-45.2911374934385,12.1716810109372,1.59445541212548));
#2990=CARTESIAN_POINT('',(-47.2911374934385,12.1716810109372,5.71121792000288));
#2991=CARTESIAN_POINT('Origin',(-47.2911374934385,-5.99693844406284,3.18891082425097));
#2992=CARTESIAN_POINT('',(-47.2911374934385,-5.99693844406284,3.18891082425097));
#2993=CARTESIAN_POINT('',(-47.2911374934385,17.5030615559372,3.18891082425097));
#2994=CARTESIAN_POINT('',(-45.2911374934385,-5.99693844406284,3.18891082425097));
#2995=CARTESIAN_POINT('',(-47.2911374934385,-5.99693844406284,3.18891082425097));
#2996=CARTESIAN_POINT('',(-45.2911374934385,17.5030615559372,3.18891082425097));
#2997=CARTESIAN_POINT('Origin',(-47.2911374934385,-5.99693844406284,10.7112179200029));
#2998=CARTESIAN_POINT('',(-47.2911374934385,-5.99693844406284,10.7112179200029));
#2999=CARTESIAN_POINT('',(-47.2911374934385,-5.99693844406284,5.35560896000144));
#3000=CARTESIAN_POINT('',(-45.2911374934385,-5.99693844406284,10.7112179200029));
#3001=CARTESIAN_POINT('',(-47.2911374934385,-5.99693844406284,10.7112179200029));
#3002=CARTESIAN_POINT('',(-45.2911374934385,-5.99693844406284,5.35560896000144));
#3003=CARTESIAN_POINT('Origin',(-47.2911374934385,-0.996938369557032,10.7112179200029));
#3004=CARTESIAN_POINT('',(-47.2911374934385,-0.996938369557032,10.7112179200029));
#3005=CARTESIAN_POINT('',(-47.2911374934385,20.0030615931901,10.7112179200029));
#3006=CARTESIAN_POINT('',(-45.2911374934385,-0.996938369557032,10.7112179200029));
#3007=CARTESIAN_POINT('',(-47.2911374934385,-0.996938369557032,10.7112179200029));
#3008=CARTESIAN_POINT('',(-45.2911374934385,20.0030615931901,10.7112179200029));
#3009=CARTESIAN_POINT('Origin',(-47.2911374934385,-0.996938369557032,5.71121792000288));
#3010=CARTESIAN_POINT('',(-47.2911374934385,-0.996938369557032,5.71121792000288));
#3011=CARTESIAN_POINT('',(-47.2911374934385,-0.996938369557032,2.85560896000144));
#3012=CARTESIAN_POINT('',(-45.2911374934385,-0.996938369557032,5.71121792000288));
#3013=CARTESIAN_POINT('',(-47.2911374934385,-0.996938369557032,5.71121792000288));
#3014=CARTESIAN_POINT('',(-45.2911374934385,-0.996938369557032,2.85560896000144));
#3015=CARTESIAN_POINT('Origin',(-47.2911374934385,12.1716810109372,5.71121792000288));
#3016=CARTESIAN_POINT('',(-47.2911374934385,26.5873712834372,5.71121792000288));
#3017=CARTESIAN_POINT('',(-45.2911374934385,26.5873712834372,5.71121792000288));
#3018=CARTESIAN_POINT('Origin',(54.7088625065615,6.50306196571909,11.5032252151812));
#3019=CARTESIAN_POINT('',(54.7088625065615,34.003062375501,2.));
#3020=CARTESIAN_POINT('',(54.7088625065615,-20.9969384440628,2.));
#3021=CARTESIAN_POINT('',(54.7088625065615,-10.7469384440629,2.));
#3022=CARTESIAN_POINT('',(54.7088625065615,-20.9969384440628,1.50322506616958));
#3023=CARTESIAN_POINT('',(54.7088625065615,-20.9969384440628,1.50322506616958));
#3024=CARTESIAN_POINT('',(54.7088625065615,34.003062375501,1.50322506616958));
#3025=CARTESIAN_POINT('',(54.7088625065615,34.003062375501,1.50322506616958));
#3026=CARTESIAN_POINT('',(54.7088625065615,34.003062375501,21.5032253641928));
#3027=CARTESIAN_POINT('Origin',(56.7088625065615,34.003062375501,21.5032253641928));
#3028=CARTESIAN_POINT('',(56.7088625065615,34.003062375501,21.5032253641928));
#3029=CARTESIAN_POINT('',(56.7088625065615,34.003062375501,1.50322506616958));
#3030=CARTESIAN_POINT('',(56.7088625065615,34.003062375501,10.7516126820964));
#3031=CARTESIAN_POINT('',(54.7088625065615,34.003062375501,21.5032253641928));
#3032=CARTESIAN_POINT('',(56.7088625065615,34.003062375501,21.5032253641928));
#3033=CARTESIAN_POINT('',(54.7088625065615,34.003062375501,10.7516126820964));
#3034=CARTESIAN_POINT('',(56.7088625065615,34.003062375501,1.50322506616958));
#3035=CARTESIAN_POINT('Origin',(56.7088625065615,-20.9969384440628,21.5032253641928));
#3036=CARTESIAN_POINT('',(56.7088625065615,-20.9969384440628,21.5032253641928));
#3037=CARTESIAN_POINT('',(56.7088625065615,-24.4969384440628,21.5032253641928));
#3038=CARTESIAN_POINT('',(54.7088625065615,-20.9969384440628,21.5032253641928));
#3039=CARTESIAN_POINT('',(56.7088625065615,-20.9969384440628,21.5032253641928));
#3040=CARTESIAN_POINT('',(54.7088625065615,-24.4969384440628,21.5032253641928));
#3041=CARTESIAN_POINT('Origin',(56.7088625065615,-20.9969384440628,1.50322506616958));
#3042=CARTESIAN_POINT('',(56.7088625065615,-20.9969384440628,1.50322506616958));
#3043=CARTESIAN_POINT('',(56.7088625065615,-20.9969384440628,0.751612533084791));
#3044=CARTESIAN_POINT('',(56.7088625065615,-20.9969384440628,1.50322506616958));
#3045=CARTESIAN_POINT('',(54.7088625065615,-20.9969384440628,0.751612533084791));
#3046=CARTESIAN_POINT('Origin',(56.7088625065615,34.003062375501,1.50322506616958));
#3047=CARTESIAN_POINT('',(56.7088625065615,3.00306196571908,1.50322506616958));
#3048=CARTESIAN_POINT('Ctrl Pts',(-36.2911374934385,43.5030615559371,18.0000002384186));
#3049=CARTESIAN_POINT('Ctrl Pts',(-37.0179196349575,43.5030615559371,18.0000002384186));
#3050=CARTESIAN_POINT('Ctrl Pts',(-37.0179196349575,43.5030615559371,10.0000001192093));
#3051=CARTESIAN_POINT('Ctrl Pts',(-37.0179196349575,43.5030615559371,2.));
#3052=CARTESIAN_POINT('Ctrl Pts',(-36.2911374934385,43.5030615559371,2.));
#3053=CARTESIAN_POINT('Ctrl Pts',(-35.5643553519196,43.5030615559371,2.));
#3054=CARTESIAN_POINT('Ctrl Pts',(-35.5643553519196,43.5030615559371,10.0000001192093));
#3055=CARTESIAN_POINT('Ctrl Pts',(-35.5643553519196,43.5030615559371,18.0000002384186));
#3056=CARTESIAN_POINT('Ctrl Pts',(-36.2911374934385,43.5030615559371,18.0000002384186));
#3057=CARTESIAN_POINT('Ctrl Pts',(-36.2911374934385,41.5030615559371,18.0000002384186));
#3058=CARTESIAN_POINT('Ctrl Pts',(-37.0179196349575,41.5030615559371,18.0000002384186));
#3059=CARTESIAN_POINT('Ctrl Pts',(-37.0179196349575,41.5030615559371,10.0000001192093));
#3060=CARTESIAN_POINT('Ctrl Pts',(-37.0179196349575,41.5030615559371,2.));
#3061=CARTESIAN_POINT('Ctrl Pts',(-36.2911374934385,41.5030615559371,2.));
#3062=CARTESIAN_POINT('Ctrl Pts',(-35.5643553519196,41.5030615559371,2.));
#3063=CARTESIAN_POINT('Ctrl Pts',(-35.5643553519196,41.5030615559371,10.0000001192093));
#3064=CARTESIAN_POINT('Ctrl Pts',(-35.5643553519196,41.5030615559371,18.0000002384186));
#3065=CARTESIAN_POINT('Ctrl Pts',(-36.2911374934385,41.5030615559371,18.0000002384186));
#3066=CARTESIAN_POINT('',(-36.2911374934385,43.5030615559371,18.0000002384186));
#3067=CARTESIAN_POINT('Origin',(-36.2911374934385,43.5030615559371,10.0000001192093));
#3068=CARTESIAN_POINT('',(-36.2911374934385,41.5030615559371,18.0000002384186));
#3069=CARTESIAN_POINT('',(-36.2911374934385,43.5030615559371,18.0000002384186));
#3070=CARTESIAN_POINT('',(-36.2911374934385,41.5030615559371,2.));
#3071=CARTESIAN_POINT('Origin',(-36.2911374934385,41.5030615559371,10.0000001192093));
#3072=CARTESIAN_POINT('Origin',(-36.2911374934385,41.5030615559371,10.0000001192093));
#3073=CARTESIAN_POINT('Ctrl Pts',(-28.2911374934385,43.5030615559371,18.0000002384186));
#3074=CARTESIAN_POINT('Ctrl Pts',(-29.0179196349575,43.5030615559371,18.0000002384186));
#3075=CARTESIAN_POINT('Ctrl Pts',(-29.0179196349575,43.5030615559371,10.0000001192093));
#3076=CARTESIAN_POINT('Ctrl Pts',(-29.0179196349575,43.5030615559371,2.));
#3077=CARTESIAN_POINT('Ctrl Pts',(-28.2911374934385,43.5030615559371,2.));
#3078=CARTESIAN_POINT('Ctrl Pts',(-27.5643553519196,43.5030615559371,2.));
#3079=CARTESIAN_POINT('Ctrl Pts',(-27.5643553519196,43.5030615559371,10.0000001192093));
#3080=CARTESIAN_POINT('Ctrl Pts',(-27.5643553519196,43.5030615559371,18.0000002384186));
#3081=CARTESIAN_POINT('Ctrl Pts',(-28.2911374934385,43.5030615559371,18.0000002384186));
#3082=CARTESIAN_POINT('Ctrl Pts',(-28.2911374934385,41.5030615559371,18.0000002384186));
#3083=CARTESIAN_POINT('Ctrl Pts',(-29.0179196349575,41.5030615559371,18.0000002384186));
#3084=CARTESIAN_POINT('Ctrl Pts',(-29.0179196349575,41.5030615559371,10.0000001192093));
#3085=CARTESIAN_POINT('Ctrl Pts',(-29.0179196349575,41.5030615559371,2.));
#3086=CARTESIAN_POINT('Ctrl Pts',(-28.2911374934385,41.5030615559371,2.));
#3087=CARTESIAN_POINT('Ctrl Pts',(-27.5643553519196,41.5030615559371,2.));
#3088=CARTESIAN_POINT('Ctrl Pts',(-27.5643553519196,41.5030615559371,10.0000001192093));
#3089=CARTESIAN_POINT('Ctrl Pts',(-27.5643553519196,41.5030615559371,18.0000002384186));
#3090=CARTESIAN_POINT('Ctrl Pts',(-28.2911374934385,41.5030615559371,18.0000002384186));
#3091=CARTESIAN_POINT('',(-28.2911374934385,43.5030615559371,18.0000002384186));
#3092=CARTESIAN_POINT('Origin',(-28.2911374934385,43.5030615559371,10.0000001192093));
#3093=CARTESIAN_POINT('',(-28.2911374934385,41.5030615559371,18.0000002384186));
#3094=CARTESIAN_POINT('',(-28.2911374934385,43.5030615559371,18.0000002384186));
#3095=CARTESIAN_POINT('',(-28.2911374934385,41.5030615559371,2.));
#3096=CARTESIAN_POINT('Origin',(-28.2911374934385,41.5030615559371,10.0000001192093));
#3097=CARTESIAN_POINT('Origin',(-28.2911374934385,41.5030615559371,10.0000001192093));
#3098=CARTESIAN_POINT('Ctrl Pts',(45.7088625065615,43.5030615559371,18.0000002682209));
#3099=CARTESIAN_POINT('Ctrl Pts',(44.9820803650425,43.5030615559371,18.0000002682209));
#3100=CARTESIAN_POINT('Ctrl Pts',(44.9820803650425,43.5030615559371,10.0000001490116));
#3101=CARTESIAN_POINT('Ctrl Pts',(44.9820803650425,43.5030615559371,2.00000002980233));
#3102=CARTESIAN_POINT('Ctrl Pts',(45.7088625065615,43.5030615559371,2.00000002980233));
#3103=CARTESIAN_POINT('Ctrl Pts',(46.4356446480804,43.5030615559371,2.00000002980233));
#3104=CARTESIAN_POINT('Ctrl Pts',(46.4356446480804,43.5030615559371,10.0000001490116));
#3105=CARTESIAN_POINT('Ctrl Pts',(46.4356446480804,43.5030615559371,18.0000002682209));
#3106=CARTESIAN_POINT('Ctrl Pts',(45.7088625065615,43.5030615559371,18.0000002682209));
#3107=CARTESIAN_POINT('Ctrl Pts',(45.7088625065615,41.5030615559371,18.0000002682209));
#3108=CARTESIAN_POINT('Ctrl Pts',(44.9820803650425,41.5030615559371,18.0000002682209));
#3109=CARTESIAN_POINT('Ctrl Pts',(44.9820803650425,41.5030615559371,10.0000001490116));
#3110=CARTESIAN_POINT('Ctrl Pts',(44.9820803650425,41.5030615559371,2.00000002980233));
#3111=CARTESIAN_POINT('Ctrl Pts',(45.7088625065615,41.5030615559371,2.00000002980233));
#3112=CARTESIAN_POINT('Ctrl Pts',(46.4356446480804,41.5030615559371,2.00000002980233));
#3113=CARTESIAN_POINT('Ctrl Pts',(46.4356446480804,41.5030615559371,10.0000001490116));
#3114=CARTESIAN_POINT('Ctrl Pts',(46.4356446480804,41.5030615559371,18.0000002682209));
#3115=CARTESIAN_POINT('Ctrl Pts',(45.7088625065615,41.5030615559371,18.0000002682209));
#3116=CARTESIAN_POINT('',(45.7088625065615,43.5030615559371,18.0000002682209));
#3117=CARTESIAN_POINT('Origin',(45.7088625065615,43.5030615559371,10.0000001490116));
#3118=CARTESIAN_POINT('',(45.7088625065615,41.5030615559371,18.0000002682209));
#3119=CARTESIAN_POINT('',(45.7088625065615,43.5030615559371,18.0000002682209));
#3120=CARTESIAN_POINT('',(45.7088625065615,41.5030615559371,2.));
#3121=CARTESIAN_POINT('Origin',(45.7088625065615,41.5030615559371,10.0000001490116));
#3122=CARTESIAN_POINT('Origin',(45.7088625065615,41.5030615559371,10.0000001490116));
#3123=CARTESIAN_POINT('Ctrl Pts',(37.7088625065615,43.5030615559371,18.0000002384186));
#3124=CARTESIAN_POINT('Ctrl Pts',(36.9820803650425,43.5030615559371,18.0000002384186));
#3125=CARTESIAN_POINT('Ctrl Pts',(36.9820803650425,43.5030615559371,10.0000001192093));
#3126=CARTESIAN_POINT('Ctrl Pts',(36.9820803650425,43.5030615559371,2.));
#3127=CARTESIAN_POINT('Ctrl Pts',(37.7088625065615,43.5030615559371,2.));
#3128=CARTESIAN_POINT('Ctrl Pts',(38.4356446480804,43.5030615559371,2.));
#3129=CARTESIAN_POINT('Ctrl Pts',(38.4356446480804,43.5030615559371,10.0000001192093));
#3130=CARTESIAN_POINT('Ctrl Pts',(38.4356446480804,43.5030615559371,18.0000002384186));
#3131=CARTESIAN_POINT('Ctrl Pts',(37.7088625065615,43.5030615559371,18.0000002384186));
#3132=CARTESIAN_POINT('Ctrl Pts',(37.7088625065615,41.5030615559371,18.0000002384186));
#3133=CARTESIAN_POINT('Ctrl Pts',(36.9820803650425,41.5030615559371,18.0000002384186));
#3134=CARTESIAN_POINT('Ctrl Pts',(36.9820803650425,41.5030615559371,10.0000001192093));
#3135=CARTESIAN_POINT('Ctrl Pts',(36.9820803650425,41.5030615559371,2.));
#3136=CARTESIAN_POINT('Ctrl Pts',(37.7088625065615,41.5030615559371,2.));
#3137=CARTESIAN_POINT('Ctrl Pts',(38.4356446480804,41.5030615559371,2.));
#3138=CARTESIAN_POINT('Ctrl Pts',(38.4356446480804,41.5030615559371,10.0000001192093));
#3139=CARTESIAN_POINT('Ctrl Pts',(38.4356446480804,41.5030615559371,18.0000002384186));
#3140=CARTESIAN_POINT('Ctrl Pts',(37.7088625065615,41.5030615559371,18.0000002384186));
#3141=CARTESIAN_POINT('',(37.7088625065615,43.5030615559371,18.0000002384186));
#3142=CARTESIAN_POINT('Origin',(37.7088625065615,43.5030615559371,10.0000001192093));
#3143=CARTESIAN_POINT('',(37.7088625065615,41.5030615559371,18.0000002384186));
#3144=CARTESIAN_POINT('',(37.7088625065615,43.5030615559371,18.0000002384186));
#3145=CARTESIAN_POINT('',(37.7088625065615,41.5030615559371,2.));
#3146=CARTESIAN_POINT('Origin',(37.7088625065615,41.5030615559371,10.0000001192093));
#3147=CARTESIAN_POINT('Origin',(37.7088625065615,41.5030615559371,10.0000001192093));
#3148=CARTESIAN_POINT('Ctrl Pts',(39.7088625065615,43.5030615559371,18.0000002384186));
#3149=CARTESIAN_POINT('Ctrl Pts',(38.9820803650425,43.5030615559371,18.0000002384186));
#3150=CARTESIAN_POINT('Ctrl Pts',(38.9820803650425,43.5030615559371,10.0000001192093));
#3151=CARTESIAN_POINT('Ctrl Pts',(38.9820803650425,43.5030615559371,2.));
#3152=CARTESIAN_POINT('Ctrl Pts',(39.7088625065615,43.5030615559371,2.));
#3153=CARTESIAN_POINT('Ctrl Pts',(40.4356446480804,43.5030615559371,2.));
#3154=CARTESIAN_POINT('Ctrl Pts',(40.4356446480804,43.5030615559371,10.0000001192093));
#3155=CARTESIAN_POINT('Ctrl Pts',(40.4356446480804,43.5030615559371,18.0000002384186));
#3156=CARTESIAN_POINT('Ctrl Pts',(39.7088625065615,43.5030615559371,18.0000002384186));
#3157=CARTESIAN_POINT('Ctrl Pts',(39.7088625065615,41.5030615559371,18.0000002384186));
#3158=CARTESIAN_POINT('Ctrl Pts',(38.9820803650425,41.5030615559371,18.0000002384186));
#3159=CARTESIAN_POINT('Ctrl Pts',(38.9820803650425,41.5030615559371,10.0000001192093));
#3160=CARTESIAN_POINT('Ctrl Pts',(38.9820803650425,41.5030615559371,2.));
#3161=CARTESIAN_POINT('Ctrl Pts',(39.7088625065615,41.5030615559371,2.));
#3162=CARTESIAN_POINT('Ctrl Pts',(40.4356446480804,41.5030615559371,2.));
#3163=CARTESIAN_POINT('Ctrl Pts',(40.4356446480804,41.5030615559371,10.0000001192093));
#3164=CARTESIAN_POINT('Ctrl Pts',(40.4356446480804,41.5030615559371,18.0000002384186));
#3165=CARTESIAN_POINT('Ctrl Pts',(39.7088625065615,41.5030615559371,18.0000002384186));
#3166=CARTESIAN_POINT('',(39.7088625065615,43.5030615559371,18.0000002384186));
#3167=CARTESIAN_POINT('Origin',(39.7088625065615,43.5030615559371,10.0000001192093));
#3168=CARTESIAN_POINT('',(39.7088625065615,41.5030615559371,18.0000002384186));
#3169=CARTESIAN_POINT('',(39.7088625065615,43.5030615559371,18.0000002384186));
#3170=CARTESIAN_POINT('',(39.7088625065615,41.5030615559371,2.));
#3171=CARTESIAN_POINT('Origin',(39.7088625065615,41.5030615559371,10.0000001192093));
#3172=CARTESIAN_POINT('Origin',(39.7088625065615,41.5030615559371,10.0000001192093));
#3173=CARTESIAN_POINT('Ctrl Pts',(47.7088625065615,43.5030615559371,18.0000002384186));
#3174=CARTESIAN_POINT('Ctrl Pts',(46.9820803650425,43.5030615559371,18.0000002384186));
#3175=CARTESIAN_POINT('Ctrl Pts',(46.9820803650425,43.5030615559371,10.0000001192093));
#3176=CARTESIAN_POINT('Ctrl Pts',(46.9820803650425,43.5030615559371,2.));
#3177=CARTESIAN_POINT('Ctrl Pts',(47.7088625065615,43.5030615559371,2.));
#3178=CARTESIAN_POINT('Ctrl Pts',(48.4356446480804,43.5030615559371,2.));
#3179=CARTESIAN_POINT('Ctrl Pts',(48.4356446480804,43.5030615559371,10.0000001192093));
#3180=CARTESIAN_POINT('Ctrl Pts',(48.4356446480804,43.5030615559371,18.0000002384186));
#3181=CARTESIAN_POINT('Ctrl Pts',(47.7088625065615,43.5030615559371,18.0000002384186));
#3182=CARTESIAN_POINT('Ctrl Pts',(47.7088625065615,41.5030615559371,18.0000002384186));
#3183=CARTESIAN_POINT('Ctrl Pts',(46.9820803650425,41.5030615559371,18.0000002384186));
#3184=CARTESIAN_POINT('Ctrl Pts',(46.9820803650425,41.5030615559371,10.0000001192093));
#3185=CARTESIAN_POINT('Ctrl Pts',(46.9820803650425,41.5030615559371,2.));
#3186=CARTESIAN_POINT('Ctrl Pts',(47.7088625065615,41.5030615559371,2.));
#3187=CARTESIAN_POINT('Ctrl Pts',(48.4356446480804,41.5030615559371,2.));
#3188=CARTESIAN_POINT('Ctrl Pts',(48.4356446480804,41.5030615559371,10.0000001192093));
#3189=CARTESIAN_POINT('Ctrl Pts',(48.4356446480804,41.5030615559371,18.0000002384186));
#3190=CARTESIAN_POINT('Ctrl Pts',(47.7088625065615,41.5030615559371,18.0000002384186));
#3191=CARTESIAN_POINT('',(47.7088625065615,43.5030615559371,18.0000002384186));
#3192=CARTESIAN_POINT('Origin',(47.7088625065615,43.5030615559371,10.0000001192093));
#3193=CARTESIAN_POINT('',(47.7088625065615,41.5030615559371,18.0000002384186));
#3194=CARTESIAN_POINT('',(47.7088625065615,43.5030615559371,18.0000002384186));
#3195=CARTESIAN_POINT('',(47.7088625065615,41.5030615559371,2.));
#3196=CARTESIAN_POINT('Origin',(47.7088625065615,41.5030615559371,10.0000001192093));
#3197=CARTESIAN_POINT('Origin',(47.7088625065615,41.5030615559371,10.0000001192093));
#3198=CARTESIAN_POINT('Ctrl Pts',(-30.2911374934385,43.5030615559371,18.0000002682209));
#3199=CARTESIAN_POINT('Ctrl Pts',(-31.0179196349575,43.5030615559371,18.0000002682209));
#3200=CARTESIAN_POINT('Ctrl Pts',(-31.0179196349575,43.5030615559371,10.0000001490116));
#3201=CARTESIAN_POINT('Ctrl Pts',(-31.0179196349575,43.5030615559371,2.00000002980233));
#3202=CARTESIAN_POINT('Ctrl Pts',(-30.2911374934385,43.5030615559371,2.00000002980233));
#3203=CARTESIAN_POINT('Ctrl Pts',(-29.5643553519196,43.5030615559371,2.00000002980233));
#3204=CARTESIAN_POINT('Ctrl Pts',(-29.5643553519196,43.5030615559371,10.0000001490116));
#3205=CARTESIAN_POINT('Ctrl Pts',(-29.5643553519196,43.5030615559371,18.0000002682209));
#3206=CARTESIAN_POINT('Ctrl Pts',(-30.2911374934385,43.5030615559371,18.0000002682209));
#3207=CARTESIAN_POINT('Ctrl Pts',(-30.2911374934385,41.5030615559371,18.0000002682209));
#3208=CARTESIAN_POINT('Ctrl Pts',(-31.0179196349575,41.5030615559371,18.0000002682209));
#3209=CARTESIAN_POINT('Ctrl Pts',(-31.0179196349575,41.5030615559371,10.0000001490116));
#3210=CARTESIAN_POINT('Ctrl Pts',(-31.0179196349575,41.5030615559371,2.00000002980233));
#3211=CARTESIAN_POINT('Ctrl Pts',(-30.2911374934385,41.5030615559371,2.00000002980233));
#3212=CARTESIAN_POINT('Ctrl Pts',(-29.5643553519196,41.5030615559371,2.00000002980233));
#3213=CARTESIAN_POINT('Ctrl Pts',(-29.5643553519196,41.5030615559371,10.0000001490116));
#3214=CARTESIAN_POINT('Ctrl Pts',(-29.5643553519196,41.5030615559371,18.0000002682209));
#3215=CARTESIAN_POINT('Ctrl Pts',(-30.2911374934385,41.5030615559371,18.0000002682209));
#3216=CARTESIAN_POINT('',(-30.2911374934385,43.5030615559371,18.0000002682209));
#3217=CARTESIAN_POINT('Origin',(-30.2911374934385,43.5030615559371,10.0000001490116));
#3218=CARTESIAN_POINT('',(-30.2911374934385,41.5030615559371,18.0000002682209));
#3219=CARTESIAN_POINT('',(-30.2911374934385,43.5030615559371,18.0000002682209));
#3220=CARTESIAN_POINT('',(-30.2911374934385,41.5030615559371,2.));
#3221=CARTESIAN_POINT('Origin',(-30.2911374934385,41.5030615559371,10.0000001490116));
#3222=CARTESIAN_POINT('Origin',(-30.2911374934385,41.5030615559371,10.0000001490116));
#3223=CARTESIAN_POINT('Ctrl Pts',(-38.2911374934385,43.5030615559371,18.0000002384186));
#3224=CARTESIAN_POINT('Ctrl Pts',(-39.0179196349575,43.5030615559371,18.0000002384186));
#3225=CARTESIAN_POINT('Ctrl Pts',(-39.0179196349575,43.5030615559371,10.0000001192093));
#3226=CARTESIAN_POINT('Ctrl Pts',(-39.0179196349575,43.5030615559371,2.));
#3227=CARTESIAN_POINT('Ctrl Pts',(-38.2911374934385,43.5030615559371,2.));
#3228=CARTESIAN_POINT('Ctrl Pts',(-37.5643553519196,43.5030615559371,2.));
#3229=CARTESIAN_POINT('Ctrl Pts',(-37.5643553519196,43.5030615559371,10.0000001192093));
#3230=CARTESIAN_POINT('Ctrl Pts',(-37.5643553519196,43.5030615559371,18.0000002384186));
#3231=CARTESIAN_POINT('Ctrl Pts',(-38.2911374934385,43.5030615559371,18.0000002384186));
#3232=CARTESIAN_POINT('Ctrl Pts',(-38.2911374934385,41.5030615559371,18.0000002384186));
#3233=CARTESIAN_POINT('Ctrl Pts',(-39.0179196349575,41.5030615559371,18.0000002384186));
#3234=CARTESIAN_POINT('Ctrl Pts',(-39.0179196349575,41.5030615559371,10.0000001192093));
#3235=CARTESIAN_POINT('Ctrl Pts',(-39.0179196349575,41.5030615559371,2.));
#3236=CARTESIAN_POINT('Ctrl Pts',(-38.2911374934385,41.5030615559371,2.));
#3237=CARTESIAN_POINT('Ctrl Pts',(-37.5643553519196,41.5030615559371,2.));
#3238=CARTESIAN_POINT('Ctrl Pts',(-37.5643553519196,41.5030615559371,10.0000001192093));
#3239=CARTESIAN_POINT('Ctrl Pts',(-37.5643553519196,41.5030615559371,18.0000002384186));
#3240=CARTESIAN_POINT('Ctrl Pts',(-38.2911374934385,41.5030615559371,18.0000002384186));
#3241=CARTESIAN_POINT('',(-38.2911374934385,43.5030615559371,18.0000002384186));
#3242=CARTESIAN_POINT('Origin',(-38.2911374934385,43.5030615559371,10.0000001192093));
#3243=CARTESIAN_POINT('',(-38.2911374934385,41.5030615559371,18.0000002384186));
#3244=CARTESIAN_POINT('',(-38.2911374934385,43.5030615559371,18.0000002384186));
#3245=CARTESIAN_POINT('',(-38.2911374934385,41.5030615559371,2.));
#3246=CARTESIAN_POINT('Origin',(-38.2911374934385,41.5030615559371,10.0000001192093));
#3247=CARTESIAN_POINT('Origin',(-38.2911374934385,41.5030615559371,10.0000001192093));
#3248=CARTESIAN_POINT('Ctrl Pts',(-34.2911374934385,43.5030615559371,18.0000002384186));
#3249=CARTESIAN_POINT('Ctrl Pts',(-35.0179196349575,43.5030615559371,18.0000002384186));
#3250=CARTESIAN_POINT('Ctrl Pts',(-35.0179196349575,43.5030615559371,10.0000001192093));
#3251=CARTESIAN_POINT('Ctrl Pts',(-35.0179196349575,43.5030615559371,2.));
#3252=CARTESIAN_POINT('Ctrl Pts',(-34.2911374934385,43.5030615559371,2.));
#3253=CARTESIAN_POINT('Ctrl Pts',(-33.5643553519196,43.5030615559371,2.));
#3254=CARTESIAN_POINT('Ctrl Pts',(-33.5643553519196,43.5030615559371,10.0000001192093));
#3255=CARTESIAN_POINT('Ctrl Pts',(-33.5643553519196,43.5030615559371,18.0000002384186));
#3256=CARTESIAN_POINT('Ctrl Pts',(-34.2911374934385,43.5030615559371,18.0000002384186));
#3257=CARTESIAN_POINT('Ctrl Pts',(-34.2911374934385,41.5030615559371,18.0000002384186));
#3258=CARTESIAN_POINT('Ctrl Pts',(-35.0179196349575,41.5030615559371,18.0000002384186));
#3259=CARTESIAN_POINT('Ctrl Pts',(-35.0179196349575,41.5030615559371,10.0000001192093));
#3260=CARTESIAN_POINT('Ctrl Pts',(-35.0179196349575,41.5030615559371,2.));
#3261=CARTESIAN_POINT('Ctrl Pts',(-34.2911374934385,41.5030615559371,2.));
#3262=CARTESIAN_POINT('Ctrl Pts',(-33.5643553519196,41.5030615559371,2.));
#3263=CARTESIAN_POINT('Ctrl Pts',(-33.5643553519196,41.5030615559371,10.0000001192093));
#3264=CARTESIAN_POINT('Ctrl Pts',(-33.5643553519196,41.5030615559371,18.0000002384186));
#3265=CARTESIAN_POINT('Ctrl Pts',(-34.2911374934385,41.5030615559371,18.0000002384186));
#3266=CARTESIAN_POINT('',(-34.2911374934385,43.5030615559371,18.0000002384186));
#3267=CARTESIAN_POINT('Origin',(-34.2911374934385,43.5030615559371,10.0000001192093));
#3268=CARTESIAN_POINT('',(-34.2911374934385,41.5030615559371,18.0000002384186));
#3269=CARTESIAN_POINT('',(-34.2911374934385,43.5030615559371,18.0000002384186));
#3270=CARTESIAN_POINT('',(-34.2911374934385,41.5030615559371,2.));
#3271=CARTESIAN_POINT('Origin',(-34.2911374934385,41.5030615559371,10.0000001192093));
#3272=CARTESIAN_POINT('Origin',(-34.2911374934385,41.5030615559371,10.0000001192093));
#3273=CARTESIAN_POINT('Ctrl Pts',(-26.2911374934385,43.5030615559371,18.0000002384186));
#3274=CARTESIAN_POINT('Ctrl Pts',(-27.0179196349575,43.5030615559371,18.0000002384186));
#3275=CARTESIAN_POINT('Ctrl Pts',(-27.0179196349575,43.5030615559371,10.0000001192093));
#3276=CARTESIAN_POINT('Ctrl Pts',(-27.0179196349575,43.5030615559371,2.));
#3277=CARTESIAN_POINT('Ctrl Pts',(-26.2911374934385,43.5030615559371,2.));
#3278=CARTESIAN_POINT('Ctrl Pts',(-25.5643553519196,43.5030615559371,2.));
#3279=CARTESIAN_POINT('Ctrl Pts',(-25.5643553519196,43.5030615559371,10.0000001192093));
#3280=CARTESIAN_POINT('Ctrl Pts',(-25.5643553519196,43.5030615559371,18.0000002384186));
#3281=CARTESIAN_POINT('Ctrl Pts',(-26.2911374934385,43.5030615559371,18.0000002384186));
#3282=CARTESIAN_POINT('Ctrl Pts',(-26.2911374934385,41.5030615559371,18.0000002384186));
#3283=CARTESIAN_POINT('Ctrl Pts',(-27.0179196349575,41.5030615559371,18.0000002384186));
#3284=CARTESIAN_POINT('Ctrl Pts',(-27.0179196349575,41.5030615559371,10.0000001192093));
#3285=CARTESIAN_POINT('Ctrl Pts',(-27.0179196349575,41.5030615559371,2.));
#3286=CARTESIAN_POINT('Ctrl Pts',(-26.2911374934385,41.5030615559371,2.));
#3287=CARTESIAN_POINT('Ctrl Pts',(-25.5643553519196,41.5030615559371,2.));
#3288=CARTESIAN_POINT('Ctrl Pts',(-25.5643553519196,41.5030615559371,10.0000001192093));
#3289=CARTESIAN_POINT('Ctrl Pts',(-25.5643553519196,41.5030615559371,18.0000002384186));
#3290=CARTESIAN_POINT('Ctrl Pts',(-26.2911374934385,41.5030615559371,18.0000002384186));
#3291=CARTESIAN_POINT('',(-26.2911374934385,43.5030615559371,18.0000002384186));
#3292=CARTESIAN_POINT('Origin',(-26.2911374934385,43.5030615559371,10.0000001192093));
#3293=CARTESIAN_POINT('',(-26.2911374934385,41.5030615559371,18.0000002384186));
#3294=CARTESIAN_POINT('',(-26.2911374934385,43.5030615559371,18.0000002384186));
#3295=CARTESIAN_POINT('',(-26.2911374934385,41.5030615559371,2.));
#3296=CARTESIAN_POINT('Origin',(-26.2911374934385,41.5030615559371,10.0000001192093));
#3297=CARTESIAN_POINT('Origin',(-26.2911374934385,41.5030615559371,10.0000001192093));
#3298=CARTESIAN_POINT('Ctrl Pts',(43.7088625065615,43.5030615559371,18.0000002682209));
#3299=CARTESIAN_POINT('Ctrl Pts',(42.9820803650425,43.5030615559371,18.0000002682209));
#3300=CARTESIAN_POINT('Ctrl Pts',(42.9820803650425,43.5030615559371,10.0000001490116));
#3301=CARTESIAN_POINT('Ctrl Pts',(42.9820803650425,43.5030615559371,2.00000002980233));
#3302=CARTESIAN_POINT('Ctrl Pts',(43.7088625065615,43.5030615559371,2.00000002980233));
#3303=CARTESIAN_POINT('Ctrl Pts',(44.4356446480804,43.5030615559371,2.00000002980233));
#3304=CARTESIAN_POINT('Ctrl Pts',(44.4356446480804,43.5030615559371,10.0000001490116));
#3305=CARTESIAN_POINT('Ctrl Pts',(44.4356446480804,43.5030615559371,18.0000002682209));
#3306=CARTESIAN_POINT('Ctrl Pts',(43.7088625065615,43.5030615559371,18.0000002682209));
#3307=CARTESIAN_POINT('Ctrl Pts',(43.7088625065615,41.5030615559371,18.0000002682209));
#3308=CARTESIAN_POINT('Ctrl Pts',(42.9820803650425,41.5030615559371,18.0000002682209));
#3309=CARTESIAN_POINT('Ctrl Pts',(42.9820803650425,41.5030615559371,10.0000001490116));
#3310=CARTESIAN_POINT('Ctrl Pts',(42.9820803650425,41.5030615559371,2.00000002980233));
#3311=CARTESIAN_POINT('Ctrl Pts',(43.7088625065615,41.5030615559371,2.00000002980233));
#3312=CARTESIAN_POINT('Ctrl Pts',(44.4356446480804,41.5030615559371,2.00000002980233));
#3313=CARTESIAN_POINT('Ctrl Pts',(44.4356446480804,41.5030615559371,10.0000001490116));
#3314=CARTESIAN_POINT('Ctrl Pts',(44.4356446480804,41.5030615559371,18.0000002682209));
#3315=CARTESIAN_POINT('Ctrl Pts',(43.7088625065615,41.5030615559371,18.0000002682209));
#3316=CARTESIAN_POINT('',(43.7088625065615,43.5030615559371,18.0000002682209));
#3317=CARTESIAN_POINT('Origin',(43.7088625065615,43.5030615559371,10.0000001490116));
#3318=CARTESIAN_POINT('',(43.7088625065615,41.5030615559371,18.0000002682209));
#3319=CARTESIAN_POINT('',(43.7088625065615,43.5030615559371,18.0000002682209));
#3320=CARTESIAN_POINT('',(43.7088625065615,41.5030615559371,2.));
#3321=CARTESIAN_POINT('Origin',(43.7088625065615,41.5030615559371,10.0000001490116));
#3322=CARTESIAN_POINT('Origin',(43.7088625065615,41.5030615559371,10.0000001490116));
#3323=CARTESIAN_POINT('Ctrl Pts',(35.7088625065615,43.5030615559371,18.0000002384186));
#3324=CARTESIAN_POINT('Ctrl Pts',(34.9820803650425,43.5030615559371,18.0000002384186));
#3325=CARTESIAN_POINT('Ctrl Pts',(34.9820803650425,43.5030615559371,10.0000001192093));
#3326=CARTESIAN_POINT('Ctrl Pts',(34.9820803650425,43.5030615559371,2.));
#3327=CARTESIAN_POINT('Ctrl Pts',(35.7088625065615,43.5030615559371,2.));
#3328=CARTESIAN_POINT('Ctrl Pts',(36.4356446480804,43.5030615559371,2.));
#3329=CARTESIAN_POINT('Ctrl Pts',(36.4356446480804,43.5030615559371,10.0000001192093));
#3330=CARTESIAN_POINT('Ctrl Pts',(36.4356446480804,43.5030615559371,18.0000002384186));
#3331=CARTESIAN_POINT('Ctrl Pts',(35.7088625065615,43.5030615559371,18.0000002384186));
#3332=CARTESIAN_POINT('Ctrl Pts',(35.7088625065615,41.5030615559371,18.0000002384186));
#3333=CARTESIAN_POINT('Ctrl Pts',(34.9820803650425,41.5030615559371,18.0000002384186));
#3334=CARTESIAN_POINT('Ctrl Pts',(34.9820803650425,41.5030615559371,10.0000001192093));
#3335=CARTESIAN_POINT('Ctrl Pts',(34.9820803650425,41.5030615559371,2.));
#3336=CARTESIAN_POINT('Ctrl Pts',(35.7088625065615,41.5030615559371,2.));
#3337=CARTESIAN_POINT('Ctrl Pts',(36.4356446480804,41.5030615559371,2.));
#3338=CARTESIAN_POINT('Ctrl Pts',(36.4356446480804,41.5030615559371,10.0000001192093));
#3339=CARTESIAN_POINT('Ctrl Pts',(36.4356446480804,41.5030615559371,18.0000002384186));
#3340=CARTESIAN_POINT('Ctrl Pts',(35.7088625065615,41.5030615559371,18.0000002384186));
#3341=CARTESIAN_POINT('',(35.7088625065615,43.5030615559371,18.0000002384186));
#3342=CARTESIAN_POINT('Origin',(35.7088625065615,43.5030615559371,10.0000001192093));
#3343=CARTESIAN_POINT('',(35.7088625065615,41.5030615559371,18.0000002384186));
#3344=CARTESIAN_POINT('',(35.7088625065615,43.5030615559371,18.0000002384186));
#3345=CARTESIAN_POINT('',(35.7088625065615,41.5030615559371,2.));
#3346=CARTESIAN_POINT('Origin',(35.7088625065615,41.5030615559371,10.0000001192093));
#3347=CARTESIAN_POINT('Origin',(35.7088625065615,41.5030615559371,10.0000001192093));
#3348=CARTESIAN_POINT('Ctrl Pts',(41.7088625065615,43.5030615559371,18.0000002384186));
#3349=CARTESIAN_POINT('Ctrl Pts',(40.9820803650425,43.5030615559371,18.0000002384186));
#3350=CARTESIAN_POINT('Ctrl Pts',(40.9820803650425,43.5030615559371,10.0000001192093));
#3351=CARTESIAN_POINT('Ctrl Pts',(40.9820803650425,43.5030615559371,2.));
#3352=CARTESIAN_POINT('Ctrl Pts',(41.7088625065615,43.5030615559371,2.));
#3353=CARTESIAN_POINT('Ctrl Pts',(42.4356446480804,43.5030615559371,2.));
#3354=CARTESIAN_POINT('Ctrl Pts',(42.4356446480804,43.5030615559371,10.0000001192093));
#3355=CARTESIAN_POINT('Ctrl Pts',(42.4356446480804,43.5030615559371,18.0000002384186));
#3356=CARTESIAN_POINT('Ctrl Pts',(41.7088625065615,43.5030615559371,18.0000002384186));
#3357=CARTESIAN_POINT('Ctrl Pts',(41.7088625065615,41.5030615559371,18.0000002384186));
#3358=CARTESIAN_POINT('Ctrl Pts',(40.9820803650425,41.5030615559371,18.0000002384186));
#3359=CARTESIAN_POINT('Ctrl Pts',(40.9820803650425,41.5030615559371,10.0000001192093));
#3360=CARTESIAN_POINT('Ctrl Pts',(40.9820803650425,41.5030615559371,2.));
#3361=CARTESIAN_POINT('Ctrl Pts',(41.7088625065615,41.5030615559371,2.));
#3362=CARTESIAN_POINT('Ctrl Pts',(42.4356446480804,41.5030615559371,2.));
#3363=CARTESIAN_POINT('Ctrl Pts',(42.4356446480804,41.5030615559371,10.0000001192093));
#3364=CARTESIAN_POINT('Ctrl Pts',(42.4356446480804,41.5030615559371,18.0000002384186));
#3365=CARTESIAN_POINT('Ctrl Pts',(41.7088625065615,41.5030615559371,18.0000002384186));
#3366=CARTESIAN_POINT('',(41.7088625065615,43.5030615559371,18.0000002384186));
#3367=CARTESIAN_POINT('Origin',(41.7088625065615,43.5030615559371,10.0000001192093));
#3368=CARTESIAN_POINT('',(41.7088625065615,41.5030615559371,18.0000002384186));
#3369=CARTESIAN_POINT('',(41.7088625065615,43.5030615559371,18.0000002384186));
#3370=CARTESIAN_POINT('',(41.7088625065615,41.5030615559371,2.));
#3371=CARTESIAN_POINT('Origin',(41.7088625065615,41.5030615559371,10.0000001192093));
#3372=CARTESIAN_POINT('Origin',(41.7088625065615,41.5030615559371,10.0000001192093));
#3373=CARTESIAN_POINT('Ctrl Pts',(49.7088625065615,43.5030615559371,18.0000002384186));
#3374=CARTESIAN_POINT('Ctrl Pts',(48.9820803650425,43.5030615559371,18.0000002384186));
#3375=CARTESIAN_POINT('Ctrl Pts',(48.9820803650425,43.5030615559371,10.0000001192093));
#3376=CARTESIAN_POINT('Ctrl Pts',(48.9820803650425,43.5030615559371,2.));
#3377=CARTESIAN_POINT('Ctrl Pts',(49.7088625065615,43.5030615559371,2.));
#3378=CARTESIAN_POINT('Ctrl Pts',(50.4356446480804,43.5030615559371,2.));
#3379=CARTESIAN_POINT('Ctrl Pts',(50.4356446480804,43.5030615559371,10.0000001192093));
#3380=CARTESIAN_POINT('Ctrl Pts',(50.4356446480804,43.5030615559371,18.0000002384186));
#3381=CARTESIAN_POINT('Ctrl Pts',(49.7088625065615,43.5030615559371,18.0000002384186));
#3382=CARTESIAN_POINT('Ctrl Pts',(49.7088625065615,41.5030615559371,18.0000002384186));
#3383=CARTESIAN_POINT('Ctrl Pts',(48.9820803650425,41.5030615559371,18.0000002384186));
#3384=CARTESIAN_POINT('Ctrl Pts',(48.9820803650425,41.5030615559371,10.0000001192093));
#3385=CARTESIAN_POINT('Ctrl Pts',(48.9820803650425,41.5030615559371,2.));
#3386=CARTESIAN_POINT('Ctrl Pts',(49.7088625065615,41.5030615559371,2.));
#3387=CARTESIAN_POINT('Ctrl Pts',(50.4356446480804,41.5030615559371,2.));
#3388=CARTESIAN_POINT('Ctrl Pts',(50.4356446480804,41.5030615559371,10.0000001192093));
#3389=CARTESIAN_POINT('Ctrl Pts',(50.4356446480804,41.5030615559371,18.0000002384186));
#3390=CARTESIAN_POINT('Ctrl Pts',(49.7088625065615,41.5030615559371,18.0000002384186));
#3391=CARTESIAN_POINT('',(49.7088625065615,43.5030615559371,18.0000002384186));
#3392=CARTESIAN_POINT('Origin',(49.7088625065615,43.5030615559371,10.0000001192093));
#3393=CARTESIAN_POINT('',(49.7088625065615,41.5030615559371,18.0000002384186));
#3394=CARTESIAN_POINT('',(49.7088625065615,43.5030615559371,18.0000002384186));
#3395=CARTESIAN_POINT('',(49.7088625065615,41.5030615559371,2.));
#3396=CARTESIAN_POINT('Origin',(49.7088625065615,41.5030615559371,10.0000001192093));
#3397=CARTESIAN_POINT('Origin',(49.7088625065615,41.5030615559371,10.0000001192093));
#3398=CARTESIAN_POINT('Ctrl Pts',(-32.2911374934385,43.5030615559371,18.0000002682209));
#3399=CARTESIAN_POINT('Ctrl Pts',(-33.0179196349575,43.5030615559371,18.0000002682209));
#3400=CARTESIAN_POINT('Ctrl Pts',(-33.0179196349575,43.5030615559371,10.0000001490116));
#3401=CARTESIAN_POINT('Ctrl Pts',(-33.0179196349575,43.5030615559371,2.00000002980233));
#3402=CARTESIAN_POINT('Ctrl Pts',(-32.2911374934385,43.5030615559371,2.00000002980233));
#3403=CARTESIAN_POINT('Ctrl Pts',(-31.5643553519196,43.5030615559371,2.00000002980233));
#3404=CARTESIAN_POINT('Ctrl Pts',(-31.5643553519196,43.5030615559371,10.0000001490116));
#3405=CARTESIAN_POINT('Ctrl Pts',(-31.5643553519196,43.5030615559371,18.0000002682209));
#3406=CARTESIAN_POINT('Ctrl Pts',(-32.2911374934385,43.5030615559371,18.0000002682209));
#3407=CARTESIAN_POINT('Ctrl Pts',(-32.2911374934385,41.5030615559371,18.0000002682209));
#3408=CARTESIAN_POINT('Ctrl Pts',(-33.0179196349575,41.5030615559371,18.0000002682209));
#3409=CARTESIAN_POINT('Ctrl Pts',(-33.0179196349575,41.5030615559371,10.0000001490116));
#3410=CARTESIAN_POINT('Ctrl Pts',(-33.0179196349575,41.5030615559371,2.00000002980233));
#3411=CARTESIAN_POINT('Ctrl Pts',(-32.2911374934385,41.5030615559371,2.00000002980233));
#3412=CARTESIAN_POINT('Ctrl Pts',(-31.5643553519196,41.5030615559371,2.00000002980233));
#3413=CARTESIAN_POINT('Ctrl Pts',(-31.5643553519196,41.5030615559371,10.0000001490116));
#3414=CARTESIAN_POINT('Ctrl Pts',(-31.5643553519196,41.5030615559371,18.0000002682209));
#3415=CARTESIAN_POINT('Ctrl Pts',(-32.2911374934385,41.5030615559371,18.0000002682209));
#3416=CARTESIAN_POINT('',(-32.2911374934385,43.5030615559371,18.0000002682209));
#3417=CARTESIAN_POINT('Origin',(-32.2911374934385,43.5030615559371,10.0000001490116));
#3418=CARTESIAN_POINT('',(-32.2911374934385,41.5030615559371,18.0000002682209));
#3419=CARTESIAN_POINT('',(-32.2911374934385,43.5030615559371,18.0000002682209));
#3420=CARTESIAN_POINT('',(-32.2911374934385,41.5030615559371,2.));
#3421=CARTESIAN_POINT('Origin',(-32.2911374934385,41.5030615559371,10.0000001490116));
#3422=CARTESIAN_POINT('Origin',(-32.2911374934385,41.5030615559371,10.0000001490116));
#3423=CARTESIAN_POINT('Ctrl Pts',(-40.2911374934385,43.5030615559371,18.0000002384186));
#3424=CARTESIAN_POINT('Ctrl Pts',(-41.0179196349575,43.5030615559371,18.0000002384186));
#3425=CARTESIAN_POINT('Ctrl Pts',(-41.0179196349575,43.5030615559371,10.0000001192093));
#3426=CARTESIAN_POINT('Ctrl Pts',(-41.0179196349575,43.5030615559371,2.));
#3427=CARTESIAN_POINT('Ctrl Pts',(-40.2911374934385,43.5030615559371,2.));
#3428=CARTESIAN_POINT('Ctrl Pts',(-39.5643553519196,43.5030615559371,2.));
#3429=CARTESIAN_POINT('Ctrl Pts',(-39.5643553519196,43.5030615559371,10.0000001192093));
#3430=CARTESIAN_POINT('Ctrl Pts',(-39.5643553519196,43.5030615559371,18.0000002384186));
#3431=CARTESIAN_POINT('Ctrl Pts',(-40.2911374934385,43.5030615559371,18.0000002384186));
#3432=CARTESIAN_POINT('Ctrl Pts',(-40.2911374934385,41.5030615559371,18.0000002384186));
#3433=CARTESIAN_POINT('Ctrl Pts',(-41.0179196349575,41.5030615559371,18.0000002384186));
#3434=CARTESIAN_POINT('Ctrl Pts',(-41.0179196349575,41.5030615559371,10.0000001192093));
#3435=CARTESIAN_POINT('Ctrl Pts',(-41.0179196349575,41.5030615559371,2.));
#3436=CARTESIAN_POINT('Ctrl Pts',(-40.2911374934385,41.5030615559371,2.));
#3437=CARTESIAN_POINT('Ctrl Pts',(-39.5643553519196,41.5030615559371,2.));
#3438=CARTESIAN_POINT('Ctrl Pts',(-39.5643553519196,41.5030615559371,10.0000001192093));
#3439=CARTESIAN_POINT('Ctrl Pts',(-39.5643553519196,41.5030615559371,18.0000002384186));
#3440=CARTESIAN_POINT('Ctrl Pts',(-40.2911374934385,41.5030615559371,18.0000002384186));
#3441=CARTESIAN_POINT('',(-40.2911374934385,43.5030615559371,18.0000002384186));
#3442=CARTESIAN_POINT('Origin',(-40.2911374934385,43.5030615559371,10.0000001192093));
#3443=CARTESIAN_POINT('',(-40.2911374934385,41.5030615559371,18.0000002384186));
#3444=CARTESIAN_POINT('',(-40.2911374934385,43.5030615559371,18.0000002384186));
#3445=CARTESIAN_POINT('',(-40.2911374934385,41.5030615559371,2.));
#3446=CARTESIAN_POINT('Origin',(-40.2911374934385,41.5030615559371,10.0000001192093));
#3447=CARTESIAN_POINT('Origin',(-40.2911374934385,41.5030615559371,10.0000001192093));
#3448=CARTESIAN_POINT('Origin',(54.2088625065615,41.5030615559371,0.));
#3449=CARTESIAN_POINT('',(51.7088625065615,41.5030615559371,2.));
#3450=CARTESIAN_POINT('',(51.7088625065615,41.5030615559371,32.));
#3451=CARTESIAN_POINT('',(51.7088625065615,41.5030615559371,2.));
#3452=CARTESIAN_POINT('',(-42.2911374934385,41.5030615559371,32.));
#3453=CARTESIAN_POINT('',(29.4588625065615,41.5030615559371,32.));
#3454=CARTESIAN_POINT('',(-42.2911374934385,41.5030615559371,2.));
#3455=CARTESIAN_POINT('',(-42.2911374934385,41.5030615559371,2.));
#3456=CARTESIAN_POINT('',(29.4588625065615,41.5030615559371,2.));
#3457=CARTESIAN_POINT('',(29.4588625065615,41.5030615559371,2.));
#3458=CARTESIAN_POINT('',(29.4588625065615,41.5030615559371,2.));
#3459=CARTESIAN_POINT('',(29.4588625065615,41.5030615559371,2.));
#3460=CARTESIAN_POINT('',(29.4588625065615,41.5030615559371,2.));
#3461=CARTESIAN_POINT('',(29.4588625065615,41.5030615559371,2.));
#3462=CARTESIAN_POINT('',(29.4588625065615,41.5030615559371,2.));
#3463=CARTESIAN_POINT('',(29.4588625065615,41.5030615559371,2.));
#3464=CARTESIAN_POINT('',(29.4588625065615,41.5030615559371,2.));
#3465=CARTESIAN_POINT('',(29.4588625065615,41.5030615559371,2.));
#3466=CARTESIAN_POINT('',(29.4588625065615,41.5030615559371,2.));
#3467=CARTESIAN_POINT('',(29.4588625065615,41.5030615559371,2.));
#3468=CARTESIAN_POINT('',(29.4588625065615,41.5030615559371,2.));
#3469=CARTESIAN_POINT('',(29.4588625065615,41.5030615559371,2.));
#3470=CARTESIAN_POINT('',(29.4588625065615,41.5030615559371,2.));
#3471=CARTESIAN_POINT('',(29.4588625065615,41.5030615559371,2.));
#3472=CARTESIAN_POINT('',(29.4588625065615,41.5030615559371,2.));
#3473=CARTESIAN_POINT('Origin',(-42.2911374934385,-25.4969384440628,32.));
#3474=CARTESIAN_POINT('',(-40.9911374934385,-25.4969384440628,32.));
#3475=CARTESIAN_POINT('Origin',(-42.2911374934385,-25.4969384440628,32.));
#3476=CARTESIAN_POINT('',(-40.9911374934385,-25.4969384440628,25.));
#3477=CARTESIAN_POINT('',(-40.9911374934385,-25.4969384440628,32.));
#3478=CARTESIAN_POINT('Origin',(-42.2911374934385,-25.4969384440628,25.));
#3479=CARTESIAN_POINT('Origin',(-42.2911374934385,-25.4969384440628,25.));
#3480=CARTESIAN_POINT('Origin',(51.7088625065615,-25.4969384440628,32.));
#3481=CARTESIAN_POINT('',(53.0088625065615,-25.4969384440628,32.));
#3482=CARTESIAN_POINT('Origin',(51.7088625065615,-25.4969384440628,32.));
#3483=CARTESIAN_POINT('',(53.0088625065615,-25.4969384440628,25.));
#3484=CARTESIAN_POINT('',(53.0088625065615,-25.4969384440628,32.));
#3485=CARTESIAN_POINT('Origin',(51.7088625065615,-25.4969384440628,25.));
#3486=CARTESIAN_POINT('Origin',(51.7088625065615,-25.4969384440628,25.));
#3487=CARTESIAN_POINT('Origin',(-42.2912520087266,38.5025018287706,32.));
#3488=CARTESIAN_POINT('',(-40.9912520087266,38.5025018287706,32.));
#3489=CARTESIAN_POINT('Origin',(-42.2912520087266,38.5025018287706,32.));
#3490=CARTESIAN_POINT('',(-40.9912520087266,38.5025018287706,25.));
#3491=CARTESIAN_POINT('',(-40.9912520087266,38.5025018287706,32.));
#3492=CARTESIAN_POINT('Origin',(-42.2912520087266,38.5025018287706,25.));
#3493=CARTESIAN_POINT('Origin',(-42.2912520087266,38.5025018287706,25.));
#3494=CARTESIAN_POINT('Origin',(51.7087524560338,38.5025018287706,32.));
#3495=CARTESIAN_POINT('',(53.0087524560338,38.5025018287706,32.));
#3496=CARTESIAN_POINT('Origin',(51.7087524560338,38.5025018287706,32.));
#3497=CARTESIAN_POINT('',(53.0087524560338,38.5025018287706,25.));
#3498=CARTESIAN_POINT('',(53.0087524560338,38.5025018287706,32.));
#3499=CARTESIAN_POINT('Origin',(51.7087524560338,38.5025018287706,25.));
#3500=CARTESIAN_POINT('Origin',(51.7087524560338,38.5025018287706,25.));
#3501=CARTESIAN_POINT('Origin',(-42.2911374934385,-25.4969384440628,2.));
#3502=CARTESIAN_POINT('',(-45.2911374934385,-25.4969384440628,2.));
#3503=CARTESIAN_POINT('',(-45.2911374934385,-25.4969384440628,32.));
#3504=CARTESIAN_POINT('',(-45.2911374934385,-25.4969384440628,2.));
#3505=CARTESIAN_POINT('',(-42.2911374934385,-28.4969384440628,2.));
#3506=CARTESIAN_POINT('Origin',(-42.2911374934385,-25.4969384440628,2.));
#3507=CARTESIAN_POINT('',(-42.2911374934385,-28.4969384440628,32.));
#3508=CARTESIAN_POINT('',(-42.2911374934385,-28.4969384440628,2.));
#3509=CARTESIAN_POINT('Origin',(-42.2911374934385,-25.4969384440628,32.));
#3510=CARTESIAN_POINT('Origin',(-42.2911374934385,-25.4969384440628,2.));
#3511=CARTESIAN_POINT('Origin',(-42.2911374934385,-25.4969384440628,32.));
#3512=CARTESIAN_POINT('Origin',(-42.2911374934385,-25.4969384440628,2.));
#3513=CARTESIAN_POINT('Origin',(-42.2911374934385,-25.4969384440628,32.));
#3514=CARTESIAN_POINT('Origin',(-45.2911374934385,41.0030615559372,0.));
#3515=CARTESIAN_POINT('',(-45.2911374934385,-25.4969384440628,2.));
#3516=CARTESIAN_POINT('',(-45.2911374934385,38.5030615559371,2.));
#3517=CARTESIAN_POINT('',(-45.2911374934385,23.7530615559371,2.));
#3518=CARTESIAN_POINT('',(-45.2911374934385,38.5030615559371,32.));
#3519=CARTESIAN_POINT('',(-45.2911374934385,38.5030615559371,2.));
#3520=CARTESIAN_POINT('',(-45.2911374934385,23.7530615559371,32.));
#3521=CARTESIAN_POINT('Origin',(4.70886250656146,6.50306155593715,2.));
#3522=CARTESIAN_POINT('',(-45.2911374934385,-27.9969384440628,2.));
#3523=CARTESIAN_POINT('',(-45.2911374934385,23.7530615559371,2.));
#3524=CARTESIAN_POINT('',(-44.7911374934385,-28.4969384440628,2.));
#3525=CARTESIAN_POINT('Origin',(-44.7911374934385,-27.9969384440628,2.));
#3526=CARTESIAN_POINT('',(-20.0411374934385,-28.4969384440628,2.));
#3527=CARTESIAN_POINT('Origin',(4.70886250656146,6.50306155593715,2.));
#3528=CARTESIAN_POINT('',(51.7088625065615,-28.4969384440628,2.));
#3529=CARTESIAN_POINT('',(-20.0411374934385,-28.4969384440628,2.));
#3530=CARTESIAN_POINT('',(54.7088625065615,-25.4969384440628,2.));
#3531=CARTESIAN_POINT('Origin',(51.7088625065615,-25.4969384440628,2.));
#3532=CARTESIAN_POINT('',(54.7088625065615,-10.7469384440629,2.));
#3533=CARTESIAN_POINT('',(54.7088625065615,38.5030615559371,2.));
#3534=CARTESIAN_POINT('',(54.7088625065615,-10.7469384440629,2.));
#3535=CARTESIAN_POINT('Origin',(51.7088625065615,38.5030615559371,2.));
#3536=CARTESIAN_POINT('Origin',(-42.2911374934385,38.5030615559371,2.));
#3537=CARTESIAN_POINT('Origin',(-44.7911374934386,-28.4969384440628,0.));
#3538=CARTESIAN_POINT('',(-42.2911374934385,-28.4969384440628,2.));
#3539=CARTESIAN_POINT('',(-44.7911374934385,-28.4969384440628,32.));
#3540=CARTESIAN_POINT('',(-44.7911374934385,-28.4969384440628,0.));
#3541=CARTESIAN_POINT('',(-20.0411374934385,-28.4969384440628,32.));
#3542=CARTESIAN_POINT('Origin',(51.7088625065615,-25.4969384440628,2.));
#3543=CARTESIAN_POINT('',(51.7088625065615,-28.4969384440628,32.));
#3544=CARTESIAN_POINT('',(51.7088625065615,-28.4969384440628,2.));
#3545=CARTESIAN_POINT('Origin',(51.7088625065615,-25.4969384440628,2.));
#3546=CARTESIAN_POINT('',(54.7088625065615,-25.4969384440628,32.));
#3547=CARTESIAN_POINT('',(54.7088625065615,-25.4969384440628,2.));
#3548=CARTESIAN_POINT('Origin',(51.7088625065615,-25.4969384440628,32.));
#3549=CARTESIAN_POINT('Origin',(51.7088625065615,-25.4969384440628,2.));
#3550=CARTESIAN_POINT('Origin',(51.7088625065615,-25.4969384440628,32.));
#3551=CARTESIAN_POINT('Origin',(51.7088625065615,-25.4969384440628,32.));
#3552=CARTESIAN_POINT('Origin',(-44.7911374934386,-28.4969384440628,0.));
#3553=CARTESIAN_POINT('',(-20.0411374934385,-28.4969384440628,32.));
#3554=CARTESIAN_POINT('',(51.7088625065615,-28.4969384440628,2.));
#3555=CARTESIAN_POINT('',(36.2088625065615,-28.4969384440628,11.85));
#3556=CARTESIAN_POINT('',(36.2088625065615,-28.4969384440628,20.15));
#3557=CARTESIAN_POINT('',(36.2088625065615,-28.4969384440628,10.075));
#3558=CARTESIAN_POINT('',(-26.7911374934385,-28.4969384440628,20.15));
#3559=CARTESIAN_POINT('',(-35.7911374934385,-28.4969384440628,20.15));
#3560=CARTESIAN_POINT('',(-26.7911374934385,-28.4969384440628,11.85));
#3561=CARTESIAN_POINT('',(-26.7911374934385,-28.4969384440628,5.925));
#3562=CARTESIAN_POINT('',(-4.29113749343854,-28.4969384440628,11.85));
#3563=CARTESIAN_POINT('Origin',(4.70886250656146,6.50306155593715,2.));
#3564=CARTESIAN_POINT('',(54.2088625065615,-28.4969384440628,2.));
#3565=CARTESIAN_POINT('',(-20.0411374934385,-28.4969384440628,2.));
#3566=CARTESIAN_POINT('',(54.7088625065615,-27.9969384440628,2.));
#3567=CARTESIAN_POINT('Origin',(54.2088625065615,-27.9969384440629,2.));
#3568=CARTESIAN_POINT('',(54.7088625065615,-10.7469384440629,2.));
#3569=CARTESIAN_POINT('Origin',(54.7088625065615,-27.9969384440628,0.));
#3570=CARTESIAN_POINT('',(54.7088625065615,-25.4969384440628,2.));
#3571=CARTESIAN_POINT('',(54.7088625065615,-27.9969384440628,32.));
#3572=CARTESIAN_POINT('',(54.7088625065615,-27.9969384440628,0.));
#3573=CARTESIAN_POINT('',(54.7088625065615,-10.7469384440629,32.));
#3574=CARTESIAN_POINT('Origin',(51.7088625065615,38.5030615559371,2.));
#3575=CARTESIAN_POINT('',(54.7088625065615,38.5030615559371,32.));
#3576=CARTESIAN_POINT('',(54.7088625065615,38.5030615559371,2.));
#3577=CARTESIAN_POINT('Origin',(51.7088625065615,38.5030615559371,2.));
#3578=CARTESIAN_POINT('',(51.7088625065615,41.5030615559371,2.));
#3579=CARTESIAN_POINT('Origin',(51.7088625065615,38.5030615559371,32.));
#3580=CARTESIAN_POINT('Origin',(51.7088625065615,38.5030615559371,2.));
#3581=CARTESIAN_POINT('Origin',(51.7088625065615,38.5030615559371,32.));
#3582=CARTESIAN_POINT('Origin',(51.7088625065615,38.5030615559371,32.));
#3583=CARTESIAN_POINT('Origin',(54.7088625065615,-27.9969384440628,0.));
#3584=CARTESIAN_POINT('',(54.7088625065615,-10.7469384440629,32.));
#3585=CARTESIAN_POINT('',(54.7088625065615,38.5030615559371,2.));
#3586=CARTESIAN_POINT('Origin',(4.70886250656146,6.50306155593715,2.));
#3587=CARTESIAN_POINT('',(54.7088625065615,41.0030615559372,2.));
#3588=CARTESIAN_POINT('',(54.7088625065615,-10.7469384440629,2.));
#3589=CARTESIAN_POINT('',(54.2088625065615,41.5030615559371,2.));
#3590=CARTESIAN_POINT('Origin',(54.2088625065615,41.0030615559372,2.));
#3591=CARTESIAN_POINT('',(29.4588625065615,41.5030615559371,2.));
#3592=CARTESIAN_POINT('Origin',(54.2088625065615,41.5030615559371,0.));
#3593=CARTESIAN_POINT('',(54.2088625065615,41.5030615559371,32.));
#3594=CARTESIAN_POINT('',(54.2088625065615,41.5030615559371,0.));
#3595=CARTESIAN_POINT('',(29.4588625065615,41.5030615559371,32.));
#3596=CARTESIAN_POINT('Origin',(-42.2911374934385,38.5030615559371,2.));
#3597=CARTESIAN_POINT('',(-42.2911374934385,41.5030615559371,2.));
#3598=CARTESIAN_POINT('Origin',(-42.2911374934385,38.5030615559371,2.));
#3599=CARTESIAN_POINT('',(-45.2911374934385,38.5030615559371,2.));
#3600=CARTESIAN_POINT('Origin',(-42.2911374934385,38.5030615559371,32.));
#3601=CARTESIAN_POINT('Origin',(-42.2911374934385,38.5030615559371,2.));
#3602=CARTESIAN_POINT('Origin',(-42.2911374934385,38.5030615559371,32.));
#3603=CARTESIAN_POINT('Origin',(-42.2911374934385,38.5030615559371,32.));
#3604=CARTESIAN_POINT('Origin',(4.70886250656146,6.50306155593715,2.));
#3605=CARTESIAN_POINT('',(-44.7911374934385,41.5030615559371,2.));
#3606=CARTESIAN_POINT('',(29.4588625065615,41.5030615559371,2.));
#3607=CARTESIAN_POINT('',(-45.2911374934385,41.0030615559372,2.));
#3608=CARTESIAN_POINT('Origin',(-44.7911374934385,41.0030615559372,2.));
#3609=CARTESIAN_POINT('',(-45.2911374934385,23.7530615559371,2.));
#3610=CARTESIAN_POINT('Origin',(-45.2911374934385,41.0030615559372,0.));
#3611=CARTESIAN_POINT('',(-45.2911374934385,41.0030615559372,32.));
#3612=CARTESIAN_POINT('',(-45.2911374934385,41.0030615559372,0.));
#3613=CARTESIAN_POINT('',(-45.2911374934385,23.7530615559371,32.));
#3614=CARTESIAN_POINT('Origin',(36.0588625065615,-30.4969384440628,20.));
#3615=CARTESIAN_POINT('',(36.0588625065615,-30.4969384440628,20.));
#3616=CARTESIAN_POINT('',(36.0588625065615,-30.4969384440628,12.));
#3617=CARTESIAN_POINT('',(36.0588625065615,-30.4969384440628,10.));
#3618=CARTESIAN_POINT('',(36.0588625065615,-27.2969384440628,20.));
#3619=CARTESIAN_POINT('',(36.0588625065615,-30.4969384440628,20.));
#3620=CARTESIAN_POINT('',(36.0588625065615,-27.2969384440628,12.));
#3621=CARTESIAN_POINT('',(36.0588625065615,-27.2969384440628,20.));
#3622=CARTESIAN_POINT('',(36.0588625065615,-30.4969384440628,12.));
#3623=CARTESIAN_POINT('Origin',(-26.6411374934385,-30.4969384440628,20.));
#3624=CARTESIAN_POINT('',(-26.6411374934385,-30.4969384440628,20.));
#3625=CARTESIAN_POINT('',(-35.7161374934385,-30.4969384440628,20.));
#3626=CARTESIAN_POINT('',(-26.6411374934385,-27.2969384440628,20.));
#3627=CARTESIAN_POINT('',(-26.6411374934385,-30.4969384440628,20.));
#3628=CARTESIAN_POINT('',(-26.6411374934385,-27.2969384440628,20.));
#3629=CARTESIAN_POINT('Origin',(-26.6411374934385,-30.4969384440628,12.));
#3630=CARTESIAN_POINT('',(-26.6411374934385,-30.4969384440628,12.));
#3631=CARTESIAN_POINT('',(-26.6411374934385,-30.4969384440628,6.));
#3632=CARTESIAN_POINT('',(-26.6411374934385,-27.2969384440628,12.));
#3633=CARTESIAN_POINT('',(-26.6411374934385,-30.4969384440628,12.));
#3634=CARTESIAN_POINT('',(-26.6411374934385,-27.2969384440628,12.));
#3635=CARTESIAN_POINT('Origin',(36.0588625065615,-30.4969384440628,12.));
#3636=CARTESIAN_POINT('',(-4.36613749343854,-30.4969384440628,12.));
#3637=CARTESIAN_POINT('',(36.0588625065615,-27.2969384440628,12.));
#3638=CARTESIAN_POINT('Origin',(4.70886250656148,-27.2969384440628,16.));
#3639=CARTESIAN_POINT('',(6.10886250656148,-27.2969384440628,16.));
#3640=CARTESIAN_POINT('Origin',(8.70886250656148,-27.2969384440628,16.));
#3641=CARTESIAN_POINT('',(-9.89113749343852,-27.2969384440628,16.));
#3642=CARTESIAN_POINT('Origin',(-7.29113749343852,-27.2969384440628,16.));
#3643=CARTESIAN_POINT('',(22.1088625065615,-27.2969384440628,16.));
#3644=CARTESIAN_POINT('Origin',(24.7088625065615,-27.2969384440628,16.));
#3645=CARTESIAN_POINT('',(-1.89113749343852,-27.2969384440628,16.));
#3646=CARTESIAN_POINT('Origin',(0.708862506561478,-27.2969384440628,16.));
#3647=CARTESIAN_POINT('',(-25.8911374934385,-27.2969384440628,16.));
#3648=CARTESIAN_POINT('Origin',(-23.2911374934385,-27.2969384440628,16.));
#3649=CARTESIAN_POINT('',(30.1088625065615,-27.2969384440628,16.));
#3650=CARTESIAN_POINT('Origin',(32.7088625065615,-27.2969384440628,16.));
#3651=CARTESIAN_POINT('',(-17.8911374934385,-27.2969384440628,16.));
#3652=CARTESIAN_POINT('Origin',(-15.2911374934385,-27.2969384440628,16.));
#3653=CARTESIAN_POINT('',(14.1088625065615,-27.2969384440628,16.));
#3654=CARTESIAN_POINT('Origin',(16.7088625065615,-27.2969384440628,16.));
#3655=CARTESIAN_POINT('Origin',(36.2088625065615,-28.4969384440628,20.15));
#3656=CARTESIAN_POINT('',(36.2088625065615,-25.4969384440628,11.85));
#3657=CARTESIAN_POINT('',(36.2088625065615,-28.4969384440628,11.85));
#3658=CARTESIAN_POINT('',(36.2088625065615,-25.4969384440628,20.15));
#3659=CARTESIAN_POINT('',(36.2088625065615,-25.4969384440628,11.85));
#3660=CARTESIAN_POINT('',(36.2088625065615,-28.4969384440628,20.15));
#3661=CARTESIAN_POINT('Origin',(-26.7911374934385,-28.4969384440628,20.15));
#3662=CARTESIAN_POINT('',(-26.7911374934385,-25.4969384440628,20.15));
#3663=CARTESIAN_POINT('',(36.2088625065615,-25.4969384440628,20.15));
#3664=CARTESIAN_POINT('',(-26.7911374934385,-28.4969384440628,20.15));
#3665=CARTESIAN_POINT('Origin',(-26.7911374934385,-28.4969384440628,11.85));
#3666=CARTESIAN_POINT('',(-26.7911374934385,-25.4969384440628,11.85));
#3667=CARTESIAN_POINT('',(-26.7911374934385,-25.4969384440628,20.15));
#3668=CARTESIAN_POINT('',(-26.7911374934385,-28.4969384440628,11.85));
#3669=CARTESIAN_POINT('Origin',(36.2088625065615,-28.4969384440628,11.85));
#3670=CARTESIAN_POINT('',(-26.7911374934385,-25.4969384440628,11.85));
#3671=CARTESIAN_POINT('Origin',(4.70886250656148,-25.4969384440628,16.));
#3672=CARTESIAN_POINT('',(-1.89113749343852,-25.4969384440628,16.));
#3673=CARTESIAN_POINT('Origin',(0.708862506561478,-25.4969384440628,16.));
#3674=CARTESIAN_POINT('',(-25.8911374934385,-25.4969384440628,16.));
#3675=CARTESIAN_POINT('Origin',(-23.2911374934385,-25.4969384440628,16.));
#3676=CARTESIAN_POINT('',(-17.8911374934385,-25.4969384440628,16.));
#3677=CARTESIAN_POINT('Origin',(-15.2911374934385,-25.4969384440628,16.));
#3678=CARTESIAN_POINT('',(14.1088625065615,-25.4969384440628,16.));
#3679=CARTESIAN_POINT('Origin',(16.7088625065615,-25.4969384440628,16.));
#3680=CARTESIAN_POINT('',(22.1088625065615,-25.4969384440628,16.));
#3681=CARTESIAN_POINT('Origin',(24.7088625065615,-25.4969384440628,16.));
#3682=CARTESIAN_POINT('',(-9.89113749343852,-25.4969384440628,16.));
#3683=CARTESIAN_POINT('Origin',(-7.29113749343852,-25.4969384440628,16.));
#3684=CARTESIAN_POINT('',(6.10886250656148,-25.4969384440628,16.));
#3685=CARTESIAN_POINT('Origin',(8.70886250656148,-25.4969384440628,16.));
#3686=CARTESIAN_POINT('',(30.1088625065615,-25.4969384440628,16.));
#3687=CARTESIAN_POINT('Origin',(32.7088625065615,-25.4969384440628,16.));
#3688=CARTESIAN_POINT('Origin',(-7.29113749343852,-30.4969384440628,16.));
#3689=CARTESIAN_POINT('',(-9.89113749343852,-30.4969384440628,16.));
#3690=CARTESIAN_POINT('Origin',(24.7088625065615,-30.4969384440628,16.));
#3691=CARTESIAN_POINT('',(22.1088625065615,-30.4969384440628,16.));
#3692=CARTESIAN_POINT('Origin',(0.708862506561478,-30.4969384440628,16.));
#3693=CARTESIAN_POINT('',(-1.89113749343852,-30.4969384440628,16.));
#3694=CARTESIAN_POINT('Origin',(-15.2911374934385,-30.4969384440628,16.));
#3695=CARTESIAN_POINT('',(-17.8911374934385,-30.4969384440628,16.));
#3696=CARTESIAN_POINT('Origin',(32.7088625065615,-30.4969384440628,16.));
#3697=CARTESIAN_POINT('',(30.1088625065615,-30.4969384440628,16.));
#3698=CARTESIAN_POINT('Origin',(8.70886250656148,-30.4969384440628,16.));
#3699=CARTESIAN_POINT('',(6.10886250656148,-30.4969384440628,16.));
#3700=CARTESIAN_POINT('Origin',(-23.2911374934385,-30.4969384440628,16.));
#3701=CARTESIAN_POINT('',(-25.8911374934385,-30.4969384440628,16.));
#3702=CARTESIAN_POINT('Origin',(16.7088625065615,-30.4969384440628,16.));
#3703=CARTESIAN_POINT('',(14.1088625065615,-30.4969384440628,16.));
#3704=CARTESIAN_POINT('Origin',(54.2088625065615,41.5030615559371,0.));
#3705=CARTESIAN_POINT('',(-44.7911374934385,41.5030615559371,32.));
#3706=CARTESIAN_POINT('',(29.4588625065615,41.5030615559371,32.));
#3707=CARTESIAN_POINT('',(-44.7911374934385,41.5030615559371,0.));
#3708=CARTESIAN_POINT('Origin',(54.2088625065615,41.0030615559372,0.));
#3709=CARTESIAN_POINT('',(54.7088625065615,41.0030615559372,32.));
#3710=CARTESIAN_POINT('',(54.7088625065615,41.0030615559372,0.));
#3711=CARTESIAN_POINT('Origin',(54.2088625065615,41.0030615559372,32.));
#3712=CARTESIAN_POINT('Origin',(54.7088625065615,-27.9969384440628,0.));
#3713=CARTESIAN_POINT('',(54.7088625065615,-10.7469384440629,32.));
#3714=CARTESIAN_POINT('Origin',(54.2088625065615,-27.9969384440629,0.));
#3715=CARTESIAN_POINT('',(54.2088625065615,-28.4969384440628,32.));
#3716=CARTESIAN_POINT('',(54.2088625065615,-28.4969384440628,0.));
#3717=CARTESIAN_POINT('Origin',(54.2088625065615,-27.9969384440629,32.));
#3718=CARTESIAN_POINT('Origin',(-44.7911374934386,-28.4969384440628,0.));
#3719=CARTESIAN_POINT('',(-20.0411374934385,-28.4969384440628,32.));
#3720=CARTESIAN_POINT('Origin',(-44.7911374934385,-27.9969384440628,0.));
#3721=CARTESIAN_POINT('',(-45.2911374934385,-27.9969384440628,32.));
#3722=CARTESIAN_POINT('',(-45.2911374934385,-27.9969384440628,0.));
#3723=CARTESIAN_POINT('Origin',(-44.7911374934385,-27.9969384440628,32.));
#3724=CARTESIAN_POINT('Origin',(-45.2911374934385,41.0030615559372,0.));
#3725=CARTESIAN_POINT('',(-45.2911374934385,23.7530615559371,32.));
#3726=CARTESIAN_POINT('Origin',(-44.7911374934385,41.0030615559372,0.));
#3727=CARTESIAN_POINT('Origin',(-44.7911374934385,41.0030615559372,32.));
#3728=CARTESIAN_POINT('Origin',(54.2088625065615,43.5030615559371,0.));
#3729=CARTESIAN_POINT('',(-44.7911374934385,43.5030615559371,0.));
#3730=CARTESIAN_POINT('',(54.2088625065615,43.5030615559371,0.));
#3731=CARTESIAN_POINT('',(-44.7911374934385,43.5030615559371,0.));
#3732=CARTESIAN_POINT('',(-44.7911374934385,43.5030615559371,32.));
#3733=CARTESIAN_POINT('',(-44.7911374934385,43.5030615559371,0.));
#3734=CARTESIAN_POINT('',(54.2088625065615,43.5030615559371,32.));
#3735=CARTESIAN_POINT('',(-44.7911374934385,43.5030615559371,32.));
#3736=CARTESIAN_POINT('',(54.2088625065615,43.5030615559371,0.));
#3737=CARTESIAN_POINT('Origin',(54.2088625065615,41.0030615559372,0.));
#3738=CARTESIAN_POINT('',(56.7088625065615,41.0030615559372,0.));
#3739=CARTESIAN_POINT('Origin',(54.2088625065615,41.0030615559372,0.));
#3740=CARTESIAN_POINT('',(56.7088625065615,41.0030615559372,32.));
#3741=CARTESIAN_POINT('Origin',(54.2088625065615,41.0030615559372,32.));
#3742=CARTESIAN_POINT('',(56.7088625065615,41.0030615559372,0.));
#3743=CARTESIAN_POINT('Origin',(56.7088625065615,-27.9969384440628,0.));
#3744=CARTESIAN_POINT('',(56.7088625065615,-27.9969384440628,0.));
#3745=CARTESIAN_POINT('',(56.7088625065615,41.0030615559372,0.));
#3746=CARTESIAN_POINT('',(56.7088625065615,-27.9969384440628,32.));
#3747=CARTESIAN_POINT('',(56.7088625065615,41.0030615559372,32.));
#3748=CARTESIAN_POINT('',(56.7088625065615,-27.9969384440628,0.));
#3749=CARTESIAN_POINT('Origin',(54.2088625065615,-27.9969384440629,0.));
#3750=CARTESIAN_POINT('',(54.2088625065615,-30.4969384440628,0.));
#3751=CARTESIAN_POINT('Origin',(54.2088625065615,-27.9969384440629,0.));
#3752=CARTESIAN_POINT('',(54.2088625065615,-30.4969384440628,32.));
#3753=CARTESIAN_POINT('Origin',(54.2088625065615,-27.9969384440629,32.));
#3754=CARTESIAN_POINT('',(54.2088625065615,-30.4969384440628,0.));
#3755=CARTESIAN_POINT('Origin',(-44.7911374934386,-30.4969384440628,0.));
#3756=CARTESIAN_POINT('',(-44.7911374934385,-30.4969384440628,0.));
#3757=CARTESIAN_POINT('',(54.2088625065615,-30.4969384440628,0.));
#3758=CARTESIAN_POINT('',(-44.7911374934385,-30.4969384440628,32.));
#3759=CARTESIAN_POINT('',(54.2088625065615,-30.4969384440628,32.));
#3760=CARTESIAN_POINT('',(-44.7911374934385,-30.4969384440628,0.));
#3761=CARTESIAN_POINT('Origin',(-44.7911374934385,-27.9969384440628,0.));
#3762=CARTESIAN_POINT('',(-47.2911374934385,-27.9969384440628,0.));
#3763=CARTESIAN_POINT('Origin',(-44.7911374934385,-27.9969384440628,0.));
#3764=CARTESIAN_POINT('',(-47.2911374934385,-27.9969384440628,32.));
#3765=CARTESIAN_POINT('Origin',(-44.7911374934385,-27.9969384440628,32.));
#3766=CARTESIAN_POINT('',(-47.2911374934385,-27.9969384440628,0.));
#3767=CARTESIAN_POINT('Origin',(-47.2911374934385,41.0030615559372,0.));
#3768=CARTESIAN_POINT('',(-47.2911374934385,41.0030615559372,0.));
#3769=CARTESIAN_POINT('',(-47.2911374934385,-27.9969384440628,0.));
#3770=CARTESIAN_POINT('',(-47.2911374934385,41.0030615559372,32.));
#3771=CARTESIAN_POINT('',(-47.2911374934385,-27.9969384440628,32.));
#3772=CARTESIAN_POINT('',(-47.2911374934385,41.0030615559372,0.));
#3773=CARTESIAN_POINT('Origin',(-44.7911374934385,41.0030615559372,0.));
#3774=CARTESIAN_POINT('Origin',(-44.7911374934385,41.0030615559372,0.));
#3775=CARTESIAN_POINT('Origin',(-44.7911374934385,41.0030615559372,32.));
#3776=CARTESIAN_POINT('Origin',(4.70886250656146,6.50306155593715,32.));
#3777=CARTESIAN_POINT('Origin',(4.70886250656146,6.50306155593715,0.));
#3778=UNCERTAINTY_MEASURE_WITH_UNIT(LENGTH_MEASURE(0.01),#3782,
'DISTANCE_ACCURACY_VALUE',
'Maximum model space distance between geometric entities at asserted c
onnectivities');
#3779=UNCERTAINTY_MEASURE_WITH_UNIT(LENGTH_MEASURE(0.01),#3782,
'DISTANCE_ACCURACY_VALUE',
'Maximum model space distance between geometric entities at asserted c
onnectivities');
#3780=(
GEOMETRIC_REPRESENTATION_CONTEXT(3)
GLOBAL_UNCERTAINTY_ASSIGNED_CONTEXT((#3778))
GLOBAL_UNIT_ASSIGNED_CONTEXT((#3782,#3784,#3785))
REPRESENTATION_CONTEXT('','3D')
);
#3781=(
GEOMETRIC_REPRESENTATION_CONTEXT(3)
GLOBAL_UNCERTAINTY_ASSIGNED_CONTEXT((#3779))
GLOBAL_UNIT_ASSIGNED_CONTEXT((#3782,#3784,#3785))
REPRESENTATION_CONTEXT('','3D')
);
#3782=(
LENGTH_UNIT()
NAMED_UNIT(*)
SI_UNIT(.MILLI.,.METRE.)
);
#3783=(
LENGTH_UNIT()
NAMED_UNIT(*)
SI_UNIT($,.METRE.)
);
#3784=(
NAMED_UNIT(*)
PLANE_ANGLE_UNIT()
SI_UNIT($,.RADIAN.)
);
#3785=(
NAMED_UNIT(*)
SI_UNIT($,.STERADIAN.)
SOLID_ANGLE_UNIT()
);
#3786=SHAPE_DEFINITION_REPRESENTATION(#3787,#3788);
#3787=PRODUCT_DEFINITION_SHAPE('',$,#3790);
#3788=SHAPE_REPRESENTATION('',(#2100),#3780);
#3789=PRODUCT_DEFINITION_CONTEXT('part definition',#3794,'design');
#3790=PRODUCT_DEFINITION('2026-03-13-18-25-40-775','flavor party hub',#3791,
#3789);
#3791=PRODUCT_DEFINITION_FORMATION('',$,#3796);
#3792=PRODUCT_RELATED_PRODUCT_CATEGORY('flavor party hub',
'flavor party hub',(#3796));
#3793=APPLICATION_PROTOCOL_DEFINITION('international standard',
'automotive_design',2009,#3794);
#3794=APPLICATION_CONTEXT(
'Core Data for Automotive Mechanical Design Process');
#3795=PRODUCT_CONTEXT('part definition',#3794,'mechanical');
#3796=PRODUCT('2026-03-13-18-25-40-775','flavor party hub',$,(#3795));
#3797=PRESENTATION_STYLE_ASSIGNMENT((#3798));
#3798=SURFACE_STYLE_USAGE(.BOTH.,#3799);
#3799=SURFACE_SIDE_STYLE('',(#3800));
#3800=SURFACE_STYLE_FILL_AREA(#3801);
#3801=FILL_AREA_STYLE('Steel - Satin',(#3802));
#3802=FILL_AREA_STYLE_COLOUR('Steel - Satin',#3803);
#3803=COLOUR_RGB('Steel - Satin',0.627450980392157,0.627450980392157,0.627450980392157);
ENDSEC;
END-ISO-10303-21;
